#VRML V2.0 utf8
# 3D model generated by easyeda2kicad.py (https://github.com/uPesy/easyeda2kicad.py)

Shape{
    appearance Appearance {
        material  Material 	{
            diffuseColor 0.6666666666666666 0.6980392156862745 0.7686274509803922
            specularColor 0.3333333333333333 0.34901960784313724 0.3843137254901961
            ambientIntensity 0.6967
            transparency 0.0
            shininess 0.5
        }
    }
    geometry IndexedFaceSet {
        ccw TRUE
        solid FALSE
        coord DEF co Coordinate {
            point [
                -1.248 -1.1024 0.0, -1.248 -1.811 0.0, -1.3479 -1.811 0.0098, -1.3479 -1.1024 0.0098, -1.4439 -1.811 0.039, -1.4439 -1.1024 0.039, -1.5324 -1.811 0.0863, -1.5324 -1.1024 0.0863, -1.6099 -1.811 0.1499, -1.6099 -1.1024 0.1499, -1.6736 -1.811 0.2275, -1.6736 -1.1024 0.2275, -1.7209 -1.811 0.316, -1.7209 -1.1024 0.316, -1.75 -1.811 0.412, -1.75 -1.1024 0.412, -1.7598 -1.811 0.5118, -1.7598 -1.1024 0.5118, 1.248 -1.811 0.0, 1.248 -1.1024 0.0, 1.3479 -1.1024 0.0098, 1.3479 -1.811 0.0098, 1.4439 -1.1024 0.039, 1.4439 -1.811 0.039, 1.5324 -1.1024 0.0863, 1.5324 -1.811 0.0863, 1.6099 -1.1024 0.1499, 1.6099 -1.811 0.1499, 1.6736 -1.1024 0.2275, 1.6736 -1.811 0.2275, 1.7209 -1.1024 0.316, 1.7209 -1.811 0.316, 1.75 -1.1024 0.412, 1.75 -1.811 0.412, 1.7598 -1.1024 0.5118, 1.7598 -1.811 0.5118, 1.248 -1.1024 0.1181, 1.248 -1.7716 0.1181, 1.3356 -1.1024 0.128, 1.3356 -1.7716 0.128, 1.4189 -1.1024 0.1571, 1.4189 -1.7716 0.1571, 1.4935 -1.1024 0.204, 1.4935 -1.7716 0.204, 1.5558 -1.1024 0.2663, 1.5558 -1.7716 0.2663, 1.6027 -1.1024 0.341, 1.6027 -1.7716 0.341, 1.6319 -1.1024 0.4242, 1.6319 -1.7716 0.4242, 1.6417 -1.1024 0.5118, 1.6417 -1.7716 0.5118, -1.6417 -1.1024 0.5118, -1.6417 -1.7716 0.5118, -1.6319 -1.1024 0.4242, -1.6319 -1.7716 0.4242, -1.6027 -1.1024 0.341, -1.6027 -1.7716 0.341, -1.5558 -1.1024 0.2663, -1.5558 -1.7716 0.2663, -1.4935 -1.1024 0.204, -1.4935 -1.7716 0.204, -1.4189 -1.1024 0.1571, -1.4189 -1.7716 0.1571, -1.3356 -1.1024 0.128, -1.3356 -1.7716 0.128, -1.248 -1.1024 0.1181, -1.248 -1.7716 0.1181, 0.2091 -0.2675 1.2441, 0.2059 -0.2679 1.2441, 0.2259 -0.2679 1.2441, 0.1473 -0.0602 1.2441, 0.1534 -0.0595 1.2441, 0.1215 -0.0595 1.2441, -0.0297 -0.1226 1.2441, -0.0143 -0.1357 1.2441, 0.0396 -0.0595 1.2441, 0.0396 -0.1409 1.2441, -0.1021 -0.053 1.2441, -0.0929 -0.0595 1.2441, -0.0802 -0.0683 1.2441, -0.0604 -0.0916 1.2441, -0.0495 -0.1132 1.2441, -0.0467 -0.1142 1.2441, -0.2095 -0.0509 1.2441, -0.183 -0.0415 1.2441, -0.4037 -0.0062 1.2441, -0.1577 -0.0387 1.2441, 0.0396 -0.0062 1.2441, -0.1304 -0.042 1.2441, -0.4037 -0.0595 1.2441, -0.2865 -0.0875 1.2441, -0.2641 -0.0848 1.2441, -0.4037 -0.1409 1.2441, -0.3483 -0.1409 1.2441, -0.3433 -0.1296 1.2441, -0.3296 -0.1121 1.2441, -0.2237 -0.0595 1.2441, -0.226 -0.0609 1.2441, -0.2394 -0.0723 1.2441, -0.2576 -0.0851 1.2441, -0.251 -0.0859 1.2441, -0.3257 -0.1085 1.2441, -0.3076 -0.0957 1.2441, -0.2869 -0.2664 1.2441, -0.2942 -0.2642 1.2441, -0.4037 -0.2679 1.2441, -0.3147 -0.2541 1.2441, -0.3324 -0.239 1.2441, -0.3454 -0.2205 1.2441, -0.3536 -0.1993 1.2441, -0.4037 -0.1644 1.2441, -0.3563 -0.177 1.2441, -0.3562 -0.1715 1.2441, -0.3549 -0.1644 1.2441, -0.3524 -0.1501 1.2441, -0.2616 -0.2974 1.2441, -0.2727 -0.289 1.2441, -0.4037 -0.2996 1.2441, -0.2812 -0.2786 1.2441, -0.2862 -0.2679 1.2441, -0.4037 -1.811 1.2441, -0.2484 -0.3029 1.2441, -0.2563 -0.2996 1.2441, -0.2092 -0.2996 1.2441, -0.219 -0.3034 1.2441, 0.0396 -1.811 1.2441, -0.2328 -0.3051 1.2441, -0.235 -0.305 1.2441, -0.1795 -0.2679 1.2441, -0.1795 -0.2681 1.2441, 0.0396 -0.2996 1.2441, -0.1862 -0.2808 1.2441, -0.195 -0.2906 1.2441, -0.2063 -0.2985 1.2441, 0.0043 -0.1692 1.2441, 0.0069 -0.1878 1.2441, 0.0396 -0.1644 1.2441, -0.1068 -0.2343 1.2441, -0.1029 -0.2328 1.2441, -0.0962 -0.2003 1.2441, -0.0142 -0.2419 1.2441, -0.0297 -0.255 1.2441, 0.0396 -0.2679 1.2441, -0.1901 -0.21 1.2441, -0.1138 -0.1702 1.2441, -0.2001 -0.201 1.2441, -0.2121 -0.1945 1.2441, -0.1103 -0.2368 1.2441, -0.0029 -0.2262 1.2441, -0.0287 -0.1834 1.2441, -0.0314 -0.1725 1.2441, -0.0357 -0.1644 1.2441, -0.3191 -0.1644 1.2441, 0.0042 -0.2081 1.2441, -0.0985 -0.2322 1.2441, -0.0979 -0.2323 1.2441, -0.0962 -0.2326 1.2441, -0.3157 -0.1985 1.2441, -0.3089 -0.2101 1.2441, -0.28 -0.216 1.2441, -0.2987 -0.2206 1.2441, -0.2863 -0.2282 1.2441, -0.259 -0.1971 1.2441, -0.2706 -0.2052 1.2441, -0.3205 -0.1759 1.2441, -0.3198 -0.1846 1.2441, -0.2464 -0.1923 1.2441, -0.2328 -0.1907 1.2441, -0.2259 -0.1911 1.2441, -0.1161 -0.2499 1.2441, -0.116 -0.2476 1.2441, -0.1759 -0.2425 1.2441, -0.1148 -0.2433 1.2441, -0.1126 -0.2394 1.2441, -0.04 -0.2185 1.2441, -0.0337 -0.2096 1.2441, -0.0298 -0.1995 1.2441, -0.0284 -0.1884 1.2441, -0.1028 -0.267 1.2441, -0.1066 -0.2655 1.2441, -0.1103 -0.2629 1.2441, -0.1116 -0.2615 1.2441, -0.1141 -0.258 1.2441, -0.1156 -0.2541 1.2441, -0.1762 -0.2541 1.2441, -0.1759 -0.2482 1.2441, -0.0471 -0.2635 1.2441, -0.066 -0.2675 1.2441, -0.0996 -0.2675 1.2441, -0.095 -0.2328 1.2441, -0.0694 -0.2328 1.2441, -0.0592 -0.2308 1.2441, -0.0492 -0.2262 1.2441, -0.0407 -0.2193 1.2441, -0.0774 -0.144 1.2441, -0.3139 -0.1494 1.2441, -0.3188 -0.1621 1.2441, -0.0728 -0.144 1.2441, -0.0367 -0.1626 1.2441, -0.0432 -0.1553 1.2441, -0.0521 -0.1491 1.2441, -0.062 -0.1453 1.2441, -0.0897 -0.1098 1.2441, -0.1025 -0.0945 1.2441, -0.2334 -0.1275 1.2441, -0.1039 -0.0931 1.2441, -0.1199 -0.082 1.2441, -0.2247 -0.1095 1.2441, -0.308 -0.1409 1.2441, -0.2375 -0.1252 1.2441, -0.0781 -0.1409 1.2441, -0.0809 -0.1281 1.2441, -0.2502 -0.1206 1.2441, -0.2635 -0.1189 1.2441, -0.2695 -0.1192 1.2441, -0.2119 -0.0942 1.2441, -0.1378 -0.0752 1.2441, -0.1966 -0.0831 1.2441, -0.1571 -0.0728 1.2441, -0.178 -0.0755 1.2441, -0.2835 -0.1226 1.2441, -0.2962 -0.1293 1.2441, -0.306 -0.138 1.2441, -0.0106 -0.1409 1.2441, -0.0027 -0.1519 1.2441, 0.0023 -0.1644 1.2441, 0.4198 -0.1409 1.2441, 0.3938 -0.1402 1.2441, 0.3824 -0.1402 1.2441, 0.3633 -0.0601 1.2441, 0.4198 -0.0595 1.2441, 0.3448 -0.0595 1.2441, 0.3332 -0.1402 1.2441, 0.3217 -0.1402 1.2441, 0.3195 -0.1409 1.2441, 0.3448 -0.1183 1.2441, 0.3409 -0.1183 1.2441, 0.3448 -0.1409 1.2441, 0.3195 -0.0595 1.2441, 0.3448 -0.0796 1.2441, 0.3522 -0.0601 1.2441, 0.2259 -0.1041 1.2441, 0.2042 -0.1041 1.2441, 0.2259 -0.1311 1.2441, 0.2042 -0.1311 1.2441, 0.2445 -0.0595 1.2441, 0.2259 -0.0595 1.2441, 0.2352 -0.0601 1.2441, 0.2259 -0.0601 1.2441, 0.2329 -0.1041 1.2441, 0.237 -0.1311 1.2441, 0.2329 -0.095 1.2441, 0.2352 -0.0694 1.2441, 0.2259 -0.095 1.2441, 0.2259 -0.0694 1.2441, 0.2042 -0.0694 1.2441, 0.2042 -0.095 1.2441, 0.1939 -0.1402 1.2441, 0.1893 -0.1409 1.2441, 0.2259 -0.1409 1.2441, 0.2445 -0.1409 1.2441, 0.237 -0.1402 1.2441, 0.2259 -0.1402 1.2441, 0.1939 -0.0601 1.2441, 0.1893 -0.0595 1.2441, 0.1675 -0.0595 1.2441, 0.1694 -0.0596 1.2441, 0.1779 -0.0621 1.2441, 0.1779 -0.0729 1.2441, 0.1779 -0.127 1.2441, 0.1779 -0.1369 1.2441, 0.1765 -0.1376 1.2441, 0.1679 -0.1404 1.2441, 0.1628 -0.1409 1.2441, 0.1689 -0.0693 1.2441, 0.159 -0.0681 1.2441, 0.177 -0.0724 1.2441, 0.1551 -0.0683 1.2441, 0.1483 -0.0698 1.2441, 0.1421 -0.0729 1.2441, 0.1301 -0.0901 1.2441, 0.1288 -0.1011 1.2441, 0.1572 -0.1324 1.2441, 0.1372 -0.077 1.2441, 0.1367 -0.0776 1.2441, 0.17 -0.1305 1.2441, 0.1609 -0.1322 1.2441, 0.1328 -0.0832 1.2441, 0.1289 -0.1048 1.2441, 0.1303 -0.1127 1.2441, 0.133 -0.119 1.2441, 0.1366 -0.1239 1.2441, 0.139 -0.1261 1.2441, 0.1503 -0.1317 1.2441, 0.1444 -0.1297 1.2441, 0.1237 -0.0782 1.2441, 0.1295 -0.0706 1.2441, 0.1315 -0.0687 1.2441, 0.139 -0.0634 1.2441, 0.1215 -0.1199 1.2441, 0.1195 -0.1147 1.2441, 0.1167 -0.1409 1.2441, 0.1179 -0.1017 1.2441, 0.1181 -0.0975 1.2441, 0.1167 -0.0595 1.2441, 0.1199 -0.0871 1.2441, 0.1215 -0.0833 1.2441, 0.1215 -0.1644 1.2441, 0.1487 -0.1409 1.2441, 0.1215 -0.1409 1.2441, 0.1422 -0.1395 1.2441, 0.1346 -0.136 1.2441, 0.1282 -0.1306 1.2441, 0.1276 -0.1299 1.2441, 0.1228 -0.1231 1.2441, 0.1893 -0.1644 1.2441, 0.1557 -0.1416 1.2441, 0.1509 -0.1413 1.2441, -1.248 -0.0062 1.2441, -0.8447 0.0263 1.2441, -1.248 0.8661 1.2441, -0.8447 0.1838 1.2441, -0.8714 0.5512 1.2441, -0.8714 0.8661 1.2441, -0.9843 0.5512 1.2441, -0.9843 0.5118 1.2441, -0.451 0.0263 1.2441, -0.451 0.1838 1.2441, -0.4037 0.4724 1.2441, -0.9449 0.4724 1.2441, -0.9551 0.4738 1.2441, -0.9646 0.4777 1.2441, -0.9727 0.484 1.2441, -0.979 0.4921 1.2441, -0.9829 0.5016 1.2441, -0.2871 0.484 1.2441, -0.2953 0.4777 1.2441, -0.3048 0.4738 1.2441, -0.315 0.4724 1.2441, -0.2756 0.5118 1.2441, -0.2769 0.5016 1.2441, -0.2809 0.4921 1.2441, 0.0396 0.8661 1.2441, -0.2756 0.8661 1.2441, 0.2871 0.484 1.2441, 0.2445 -0.0062 1.2441, 0.2888 0.4827 1.2441, 0.2888 -0.0062 1.2441, 0.2953 0.4777 1.2441, 0.2809 0.4921 1.2441, 0.2769 0.5016 1.2441, 0.2756 0.5118 1.2441, 0.3195 0.4724 1.2441, 0.315 0.4724 1.2441, 0.3048 0.4738 1.2441, 1.248 -0.0062 1.2441, 1.248 0.8661 1.2441, 0.8447 0.1838 1.2441, 0.8447 0.0263 1.2441, 0.451 0.0263 1.2441, 0.4198 -0.0062 1.2441, 0.451 0.1838 1.2441, 0.3195 -0.0062 1.2441, 0.3448 -0.0062 1.2441, 0.3448 0.4724 1.2441, 0.4198 0.4724 1.2441, 0.9449 0.4724 1.2441, 0.9551 0.4738 1.2441, 0.9646 0.4777 1.2441, 0.8714 0.8661 1.2441, 0.8714 0.5512 1.2441, 0.9843 0.5512 1.2441, 0.9843 0.5118 1.2441, 0.9829 0.5016 1.2441, 0.979 0.4921 1.2441, 0.9727 0.484 1.2441, 0.3151 -0.1136 1.2441, 0.3112 -0.1219 1.2441, 0.2888 -0.0595 1.2441, 0.2888 -0.0621 1.2441, 0.2968 -0.065 1.2441, 0.2888 -0.1381 1.2441, 0.2888 -0.1409 1.2441, 0.2968 -0.135 1.2441, 0.3052 -0.129 1.2441, 0.3052 -0.0707 1.2441, 0.308 -0.0735 1.2441, 0.313 -0.0805 1.2441, 0.316 -0.0881 1.2441, 0.3173 -0.0992 1.2441, 0.3171 -0.1043 1.2441, 0.2749 -0.0601 1.2441, 0.2872 -0.0615 1.2441, 0.2877 -0.1386 1.2441, 0.2741 -0.1402 1.2441, 0.2521 -0.1402 1.2441, 0.2521 -0.0601 1.2441, 0.1293 -0.2398 1.2441, 0.1307 -0.2238 1.2441, 0.1273 -0.2426 1.2441, 0.1258 -0.2461 1.2441, 0.1893 -0.2679 1.2441, 0.1711 -0.2672 1.2441, 0.1488 -0.2679 1.2441, 0.161 -0.2672 1.2441, 0.1489 -0.2679 1.2441, 0.1372 -0.2679 1.2441, 0.1334 -0.2664 1.2441, 0.1215 -0.2679 1.2441, 0.1268 -0.2599 1.2441, 0.1256 -0.2565 1.2441, 0.1402 -0.21 1.2441, 0.1328 -0.2129 1.2441, 0.1307 -0.2141 1.2441, 0.161 -0.2584 1.2441, 0.1608 -0.2584 1.2441, 0.1583 -0.2619 1.2441, 0.1325 -0.2371 1.2441, 0.1369 -0.235 1.2441, 0.1365 -0.22 1.2441, 0.1441 -0.2333 1.2441, 0.1528 -0.2172 1.2441, 0.1494 -0.2169 1.2441, 0.1428 -0.2177 1.2441, 0.155 -0.265 1.2441, 0.1529 -0.2663 1.2441, 0.13 -0.2641 1.2441, 0.1289 -0.263 1.2441, 0.1882 -0.216 1.2441, 0.1641 -0.2126 1.2441, 0.1863 -0.2187 1.2441, 0.1668 -0.2152 1.2441, 0.1851 -0.2219 1.2441, 0.1688 -0.2185 1.2441, 0.1703 -0.2232 1.2441, 0.1251 -0.2519 1.2441, 0.1251 -0.2504 1.2441, 0.1504 -0.2087 1.2441, 0.1567 -0.2093 1.2441, 0.1608 -0.2106 1.2441, 0.161 -0.2309 1.2441, 0.1607 -0.2264 1.2441, 0.1596 -0.2229 1.2441, 0.1585 -0.2208 1.2441, 0.1892 -0.2362 1.2441, 0.1846 -0.2549 1.2441, 0.1893 -0.2363 1.2441, 0.1887 -0.2574 1.2441, 0.1893 -0.2576 1.2441, 0.1875 -0.2345 1.2441, 0.1862 -0.2324 1.2441, 0.1711 -0.2304 1.2441, 0.1851 -0.2294 1.2441, 0.1847 -0.2255 1.2441, 0.1569 -0.2192 1.2441, 0.1552 -0.2181 1.2441, 0.1215 -0.2996 1.2441, 0.1432 -0.2686 1.2441, 0.1374 -0.2679 1.2441, 0.1846 -0.2652 1.2441, 0.1893 -0.2669 1.2441, 0.1907 -0.2675 1.2441, 0.1945 -0.2679 1.2441, 0.2002 -0.2686 1.2441, 0.1893 -0.2996 1.2441, 0.2205 -0.2113 1.2441, 0.2205 -0.221 1.2441, 0.1911 -0.2133 1.2441, 0.1945 -0.2113 1.2441, 0.1893 -0.2149 1.2441, 0.2228 -0.2557 1.2441, 0.2216 -0.2589 1.2441, 0.2197 -0.2615 1.2441, 0.2 -0.2094 1.2441, 0.207 -0.2087 1.2441, 0.2259 -0.1644 1.2441, 0.214 -0.2094 1.2441, 0.2199 -0.2422 1.2441, 0.2218 -0.245 1.2441, 0.2228 -0.2479 1.2441, 0.2233 -0.2517 1.2441, 0.2168 -0.264 1.2441, 0.2144 -0.2655 1.2441, 0.206 -0.2169 1.2441, 0.203 -0.2171 1.2441, 0.195 -0.2246 1.2441, 0.2003 -0.2178 1.2441, 0.1981 -0.219 1.2441, 0.1951 -0.2259 1.2441, 0.1955 -0.2275 1.2441, 0.1963 -0.2288 1.2441, 0.1972 -0.2299 1.2441, 0.2008 -0.2321 1.2441, 0.2123 -0.2176 1.2441, 0.207 -0.2348 1.2441, 0.218 -0.2196 1.2441, 0.2109 -0.2364 1.2441, 0.2175 -0.2401 1.2441, 0.1966 -0.2204 1.2441, 0.1957 -0.2216 1.2441, 0.1952 -0.223 1.2441, 0.195 -0.2597 1.2441, 0.1999 -0.2421 1.2441, 0.1939 -0.2394 1.2441, 0.2011 -0.2604 1.2441, 0.2016 -0.2604 1.2441, 0.2065 -0.2449 1.2441, 0.2067 -0.2598 1.2441, 0.213 -0.2527 1.2441, 0.2129 -0.2514 1.2441, 0.2093 -0.2589 1.2441, 0.2102 -0.2583 1.2441, 0.2114 -0.2573 1.2441, 0.2123 -0.256 1.2441, 0.2128 -0.2546 1.2441, 0.2124 -0.2498 1.2441, 0.2116 -0.2485 1.2441, 0.2104 -0.2472 1.2441, 0.273 -0.21 1.2441, 0.2834 -0.21 1.2441, 0.2888 -0.1644 1.2441, 0.2546 -0.253 1.2441, 0.2559 -0.2577 1.2441, 0.2561 -0.2577 1.2441, 0.2445 -0.1644 1.2441, 0.2445 -0.224 1.2441, 0.2574 -0.2531 1.2441, 0.2566 -0.2558 1.2441, 0.2445 -0.2679 1.2441, 0.2445 -0.2509 1.2441, 0.2285 -0.21 1.2441, 0.2397 -0.21 1.2441, 0.2509 -0.2671 1.2441, 0.2506 -0.2679 1.2441, 0.2465 -0.2775 1.2441, 0.2259 -0.2996 1.2441, 0.2306 -0.2934 1.2441, 0.2306 -0.2844 1.2441, 0.2426 -0.2832 1.2441, 0.2445 -0.2812 1.2441, 0.2445 -0.2811 1.2441, 0.2326 -0.2851 1.2441, 0.2362 -0.2856 1.2441, 0.2445 -0.2924 1.2441, 0.2411 -0.2937 1.2441, 0.2445 -0.2996 1.2441, 0.237 -0.2942 1.2441, 0.2348 -0.2941 1.2441, 0.2388 -0.2853 1.2441, 0.241 -0.2844 1.2441, 0.2574 -0.2759 1.2441, 0.2529 -0.2847 1.2441, 0.2888 -0.2996 1.2441, 0.2606 -0.2679 1.2441, 0.2492 -0.2891 1.2441, 0.2485 -0.2897 1.2441, 0.245 -0.2922 1.2441, 0.3195 -0.2312 1.2441, 0.3045 -0.2312 1.2441, 0.3195 -0.2581 1.2441, 0.3045 -0.2581 1.2441, 0.3354 -0.1872 1.2441, 0.3354 -0.1964 1.2441, 0.3448 -0.1644 1.2441, 0.3372 -0.2581 1.2441, 0.3448 -0.2679 1.2441, 0.3372 -0.2672 1.2441, 0.3195 -0.2679 1.2441, 0.3332 -0.2312 1.2441, 0.3332 -0.222 1.2441, 0.3195 -0.222 1.2441, 0.3195 -0.1964 1.2441, 0.3045 -0.1964 1.2441, 0.3045 -0.222 1.2441, 0.3195 -0.2672 1.2441, 0.2942 -0.2672 1.2441, 0.2888 -0.2679 1.2441, 0.2942 -0.1872 1.2441, 0.3195 -0.1872 1.2441, 0.3195 -0.1644 1.2441, 0.1167 -0.0062 1.2441, 0.1167 0.8661 1.2441, 0.1215 -0.0062 1.2441, 0.1215 0.8661 1.2441, 0.1893 -0.0062 1.2441, 0.1893 0.8661 1.2441, 0.2259 -0.0062 1.2441, 0.2259 0.8661 1.2441, 0.2445 0.8661 1.2441, 0.2756 0.8661 1.2441, 0.1589 -0.0588 1.2441, 1.248 -0.0595 1.2441, 1.248 -0.1409 1.2441, 1.248 -0.1644 1.2441, 0.1147 -0.1311 1.2441, 0.1147 -0.1402 1.2441, 0.0724 -0.1402 1.2441, 0.0724 -0.0601 1.2441, 0.0828 -0.0601 1.2441, 0.0828 -0.1311 1.2441, 0.1167 -0.1644 1.2441, 0.4334 -0.2672 1.2441, 0.422 -0.2672 1.2441, 0.4198 -0.2679 1.2441, 0.4826 -0.2672 1.2441, 0.4745 -0.2453 1.2441, 0.4411 -0.2453 1.2441, 0.4198 -0.1644 1.2441, 0.4525 -0.1872 1.2441, 0.4636 -0.1872 1.2441, 0.4941 -0.2672 1.2441, 1.248 -0.2679 1.2441, 0.3742 -0.1183 1.2441, 0.3874 -0.1885 1.2441, 0.3971 -0.192 1.2441, 0.4133 -0.2075 1.2441, 0.4162 -0.2152 1.2441, 0.4176 -0.2262 1.2441, 0.4173 -0.2313 1.2441, 0.4154 -0.2407 1.2441, 0.4114 -0.2489 1.2441, 0.4055 -0.256 1.2441, 0.3971 -0.262 1.2441, 0.388 -0.2656 1.2441, 0.3744 -0.2672 1.2441, 0.3524 -0.2672 1.2441, 0.3524 -0.1872 1.2441, 0.3752 -0.1872 1.2441, 0.4055 -0.1978 1.2441, 0.4083 -0.2005 1.2441, 0.1167 -0.2679 1.2441, 0.0724 -0.2672 1.2441, 0.1155 -0.2672 1.2441, 0.1155 -0.2581 1.2441, 0.1137 -0.1964 1.2441, 0.0724 -0.1872 1.2441, 0.1137 -0.1872 1.2441, 0.0828 -0.2312 1.2441, 0.0828 -0.2581 1.2441, 0.1114 -0.2312 1.2441, 0.1114 -0.222 1.2441, 0.0828 -0.222 1.2441, 0.0828 -0.1964 1.2441, 0.3195 -0.2996 1.2441, 0.3448 -0.2996 1.2441, 0.4198 -0.2996 1.2441, 1.248 -0.2996 1.2441, 0.1167 -0.2996 1.2441, 0.1167 -1.811 1.2441, 0.1215 -1.811 1.2441, 0.1893 -1.811 1.2441, 0.2259 -1.811 1.2441, 0.2445 -1.811 1.2441, 0.2888 -1.811 1.2441, 0.3195 -1.811 1.2441, 0.3448 -1.811 1.2441, 0.4198 -1.811 1.2441, 1.248 -1.811 1.2441, -1.248 -0.0595 1.2441, -1.248 -0.1409 1.2441, -1.248 -0.1644 1.2441, -1.248 -0.2679 1.2441, -1.248 -0.2996 1.2441, -1.248 -1.811 1.2441, -1.6417 0.5512 0.5906, -1.6417 0.4331 0.5906, -1.7598 0.5512 0.5906, -1.7598 0.4331 0.5906, -1.6417 0.8661 -0.315, -1.7598 0.8661 -0.315, -1.6417 0.8661 0.7323, -1.7598 0.8661 0.7323, -1.6319 0.8661 0.8199, -1.75 0.8661 0.8321, -1.6027 0.8661 0.9031, -1.7209 0.8661 0.9281, -1.5558 0.8661 0.9778, -0.3834 0.8661 1.0114, -0.4387 0.8661 0.9071, -0.7792 0.8661 1.2212, -0.8345 0.8661 1.1168, -0.8239 0.8661 1.2383, -0.8524 0.8661 1.1237, -0.8714 0.8661 1.126, -1.248 0.8661 1.126, -1.3479 0.8661 1.2343, -1.3356 0.8661 1.1161, -1.4439 0.8661 1.2051, -1.4189 0.8661 1.087, -1.5324 0.8661 1.1578, -1.4935 0.8661 1.0401, -1.6099 0.8661 1.0942, -1.6736 0.8661 1.0166, 0.2756 0.8661 1.126, -0.2756 0.8661 1.126, 0.4387 0.8661 0.9071, 0.3834 0.8661 1.0114, 0.8345 0.8661 1.1168, 0.7792 0.8661 1.2212, 0.8524 0.8661 1.1237, 0.8239 0.8661 1.2383, 0.8714 0.8661 1.126, 1.248 0.8661 1.126, 1.3356 0.8661 1.1161, 1.3479 0.8661 1.2343, 1.4189 0.8661 1.087, 1.4439 0.8661 1.2051, 1.4935 0.8661 1.0401, 1.7598 0.8661 -0.315, 1.6417 0.8661 -0.315, 1.7598 0.8661 0.7323, 1.6417 0.8661 0.7323, 1.75 0.8661 0.8321, 1.6319 0.8661 0.8199, 1.7209 0.8661 0.9281, 1.6027 0.8661 0.9031, 1.6736 0.8661 1.0166, 1.5558 0.8661 0.9778, 1.6099 0.8661 1.0942, 1.5324 0.8661 1.1578, 1.7598 -1.811 0.7323, 1.7598 0.4331 0.5906, 1.7598 0.6299 -0.3937, 1.7598 0.7874 -0.3937, 1.7598 0.5512 -0.315, 1.7598 -1.101 0.5614, 1.7598 -1.0971 0.5709, 1.7598 -1.1024 0.5512, 1.7598 -0.3346 0.5853, 1.7598 -0.3265 0.579, 1.7598 -0.315 0.5118, 1.7598 0.4331 0.5118, 1.7598 -0.315 0.5512, 1.7598 0.5512 0.5906, 1.7598 -1.0908 0.579, 1.7598 -1.0827 0.5853, 1.7598 -1.0732 0.5892, 1.7598 -0.3202 0.5709, 1.7598 -0.3163 0.5614, 1.7598 0.8556 -0.3543, 1.7598 0.8635 -0.3353, 1.7598 0.8431 -0.3706, 1.7598 0.8268 -0.3832, 1.7598 0.8078 -0.391, 1.7598 -1.063 0.5906, 1.7598 -0.3543 0.5906, 1.7598 -0.3441 0.5892, 1.7598 0.5742 -0.3706, 1.7598 0.5617 -0.3543, 1.7598 0.5539 -0.3353, 1.7598 0.5906 -0.3832, 1.7598 0.6095 -0.391, -1.7598 -1.811 0.7323, -1.7598 0.8268 -0.3832, -1.7598 0.8431 -0.3706, -1.7598 0.8635 -0.3353, -1.7598 0.8556 -0.3543, -1.7598 0.8078 -0.391, -1.7598 0.7874 -0.3937, -1.7598 0.5512 -0.315, -1.7598 -1.0908 0.579, -1.7598 -1.0827 0.5853, -1.7598 -1.0732 0.5892, -1.7598 -1.0971 0.5709, -1.7598 -1.101 0.5614, -1.7598 -1.1024 0.5512, -1.7598 0.6299 -0.3937, -1.7598 0.6095 -0.391, -1.7598 0.5906 -0.3832, -1.7598 0.5742 -0.3706, -1.7598 0.5617 -0.3543, -1.7598 0.5539 -0.3353, -1.7598 0.4331 0.5118, -1.7598 -0.315 0.5118, -1.7598 -0.315 0.5512, -1.7598 -0.3163 0.5614, -1.7598 -0.3202 0.5709, -1.7598 -0.3265 0.579, -1.7598 -0.3346 0.5853, -1.7598 -0.3441 0.5892, -1.7598 -0.3543 0.5906, -1.7598 -1.063 0.5906, -1.5866 -1.811 0.2418, -1.518 -1.811 0.1732, -1.4359 -1.811 0.1216, -1.3444 -1.811 0.0896, -1.248 -1.811 0.0787, 1.248 -1.811 0.0787, 1.3444 -1.811 0.0896, 1.4359 -1.811 0.1216, 1.518 -1.811 0.1732, 1.5866 -1.811 0.2418, -1.518 -1.811 1.0709, -1.6099 -1.811 1.0942, -1.5866 -1.811 1.0023, -1.6736 -1.811 1.0166, -1.6382 -1.811 0.9202, -1.7209 -1.811 0.9281, -1.6702 -1.811 0.8287, -1.75 -1.811 0.8321, -1.6811 -1.811 0.7323, -1.6811 -1.811 0.5118, -1.6702 -1.811 0.4154, -1.6382 -1.811 0.3239, 1.5866 -1.811 1.0023, 1.6099 -1.811 1.0942, 1.518 -1.811 1.0709, 1.5324 -1.811 1.1578, 1.4359 -1.811 1.1225, 1.4439 -1.811 1.2051, 1.3444 -1.811 1.1545, 1.3479 -1.811 1.2343, 1.248 -1.811 1.1654, -1.248 -1.811 1.1654, -1.3444 -1.811 1.1545, -1.3479 -1.811 1.2343, -1.4359 -1.811 1.1225, -1.4439 -1.811 1.2051, -1.5324 -1.811 1.1578, 1.6382 -1.811 0.3239, 1.6702 -1.811 0.4154, 1.6811 -1.811 0.5118, 1.6811 -1.811 0.7323, 1.6702 -1.811 0.8287, 1.75 -1.811 0.8321, 1.6382 -1.811 0.9202, 1.7209 -1.811 0.9281, 1.6736 -1.811 1.0166, -1.2058 -0.315 0.0, -1.248 -0.315 0.0, -1.248 0.4331 0.0, -1.1664 -0.3255 0.0, -1.1854 -0.3176 0.0, -0.8447 0.0263 0.0, -0.8447 0.1838 0.0, -0.451 0.1838 0.0, -1.1854 -1.0997 0.0, -1.2058 -1.1024 0.0, 0.8447 0.0263 0.0, 0.8447 0.1838 0.0, 1.248 0.4331 0.0, 0.451 0.1838 0.0, -1.1664 -1.0918 0.0, -1.1501 -1.0793 0.0, 0.451 0.0263 0.0, -1.1376 -1.063 0.0, -1.1297 -1.044 0.0, 1.1501 -0.338 0.0, 1.1376 -0.3543 0.0, 1.2058 -1.1024 0.0, 1.1854 -1.0997 0.0, 1.248 -0.315 0.0, 1.2058 -0.315 0.0, 1.1854 -0.3176 0.0, 1.1664 -0.3255 0.0, -1.127 -1.0236 0.0, -1.127 -0.3937 0.0, -1.1297 -0.3733 0.0, -0.451 0.0263 0.0, -1.1376 -0.3543 0.0, -1.1501 -0.338 0.0, 1.1297 -1.044 0.0, 1.1376 -1.063 0.0, 1.1501 -1.0793 0.0, 1.1664 -1.0918 0.0, 1.1297 -0.3733 0.0, 1.127 -0.3937 0.0, 1.127 -1.0236 0.0, -1.3479 -0.315 0.0098, -1.3479 0.4331 0.0098, -1.4439 -0.315 0.039, -1.4439 0.4331 0.039, -1.5324 -0.315 0.0863, -1.5324 0.4331 0.0863, -1.6099 -0.315 0.1499, -1.6099 0.4331 0.1499, -1.6736 -0.315 0.2275, -1.6736 0.4331 0.2275, -1.7209 -0.315 0.316, -1.7209 0.4331 0.316, -1.75 -0.315 0.412, -1.75 0.4331 0.412, 1.3479 0.4331 0.0098, 1.3479 -0.315 0.0098, 1.4439 0.4331 0.039, 1.4439 -0.315 0.039, 1.5324 0.4331 0.0863, 1.5324 -0.315 0.0863, 1.6099 0.4331 0.1499, 1.6099 -0.315 0.1499, 1.6736 0.4331 0.2275, 1.6736 -0.315 0.2275, 1.7209 0.4331 0.316, 1.7209 -0.315 0.316, 1.75 0.4331 0.412, 1.75 -0.315 0.412, -1.248 -1.7716 1.126, -1.3356 -1.7716 1.1161, -1.4189 -1.7716 1.087, -1.4935 -1.7716 1.0401, -1.5558 -1.7716 0.9778, -1.6027 -1.7716 0.9031, -1.6319 -1.7716 0.8199, -1.6417 -1.7716 0.7323, -0.8714 0.5512 1.126, -0.9843 0.5512 1.126, 0.8714 0.5512 1.126, 0.9843 0.5512 1.126, -0.9843 0.5118 1.126, -0.9829 0.5016 1.126, -0.979 0.4921 1.126, -0.315 0.4724 1.126, -0.3048 0.4738 1.126, 1.248 -1.7716 1.126, -0.9449 0.4724 1.126, 0.9727 0.484 1.126, 0.9646 0.4777 1.126, 0.9551 0.4738 1.126, 0.979 0.4921 1.126, 0.9829 0.5016 1.126, 0.9843 0.5118 1.126, -0.9727 0.484 1.126, -0.9646 0.4777 1.126, -0.9551 0.4738 1.126, 0.3048 0.4738 1.126, 0.315 0.4724 1.126, 0.9449 0.4724 1.126, -0.2953 0.4777 1.126, -0.2871 0.484 1.126, -0.2809 0.4921 1.126, -0.2769 0.5016 1.126, 0.2809 0.4921 1.126, 0.2871 0.484 1.126, 0.2953 0.4777 1.126, -0.2756 0.5118 1.126, 0.2756 0.5118 1.126, 0.2769 0.5016 1.126, 1.6417 -1.7716 0.7323, 1.6319 -1.7716 0.8199, 1.6027 -1.7716 0.9031, 1.5558 -1.7716 0.9778, 1.4935 -1.7716 1.0401, 1.4189 -1.7716 1.087, 1.3356 -1.7716 1.1161, 1.6417 0.5512 -0.315, 1.6417 0.8078 -0.391, 1.6417 0.7874 -0.3937, 1.6417 0.5512 0.5906, 1.6417 0.4331 0.5906, 1.6417 0.8635 -0.3353, 1.6417 0.8556 -0.3543, 1.6417 0.8431 -0.3706, 1.6417 0.6299 -0.3937, 1.6417 0.6095 -0.391, 1.6417 0.8268 -0.3832, 1.6417 -1.0732 0.5892, 1.6417 -1.0827 0.5853, 1.6417 -1.101 0.5614, 1.6417 -1.1024 0.5512, 1.6417 0.5906 -0.3832, 1.6417 0.5742 -0.3706, 1.6417 0.4331 0.5118, 1.6417 -0.315 0.5118, 1.6417 -0.315 0.5512, 1.6417 -0.3163 0.5614, 1.6417 -1.0908 0.579, 1.6417 -1.0971 0.5709, 1.6417 0.5617 -0.3543, 1.6417 0.5539 -0.3353, 1.6417 -0.3202 0.5709, 1.6417 -0.3265 0.579, 1.6417 -0.3346 0.5853, 1.6417 -0.3441 0.5892, 1.6417 -0.3543 0.5906, 1.6417 -1.063 0.5906, 1.248 0.4331 0.1181, 1.248 -0.315 0.1181, 1.3356 0.4331 0.128, 1.3356 -0.315 0.128, 1.4189 0.4331 0.1571, 1.4189 -0.315 0.1571, 1.4935 0.4331 0.204, 1.4935 -0.315 0.204, 1.5558 0.4331 0.2663, 1.5558 -0.315 0.2663, 1.6027 0.4331 0.341, 1.6027 -0.315 0.341, 1.6319 0.4331 0.4242, 1.6319 -0.315 0.4242, 1.1664 -1.0918 0.1181, 1.1501 -1.0793 0.1181, -1.1501 -1.0793 0.1181, -1.2058 -1.1024 0.1181, -1.1854 -1.0997 0.1181, 1.1854 -1.0997 0.1181, 1.2058 -1.1024 0.1181, -1.1664 -1.0918 0.1181, -1.248 -0.315 0.1181, -1.2058 -0.315 0.1181, -1.248 0.4331 0.1181, -1.1854 -0.3176 0.1181, -1.1664 -0.3255 0.1181, 1.1664 -0.3255 0.1181, 1.1854 -0.3176 0.1181, 1.2058 -0.315 0.1181, 1.1501 -0.338 0.1181, 1.1376 -0.3543 0.1181, -1.1501 -0.338 0.1181, 1.1376 -1.063 0.1181, 1.1297 -1.044 0.1181, -1.1376 -1.063 0.1181, -1.1376 -0.3543 0.1181, -1.1297 -0.3733 0.1181, 1.1297 -0.3733 0.1181, 1.127 -0.3937 0.1181, -1.127 -0.3937 0.1181, 1.127 -1.0236 0.1181, -1.127 -1.0236 0.1181, -1.1297 -1.044 0.1181, -1.6417 0.4331 0.5118, -1.6417 -0.315 0.5118, -1.6319 0.4331 0.4242, -1.6319 -0.315 0.4242, -1.6027 0.4331 0.341, -1.6027 -0.315 0.341, -1.5558 0.4331 0.2663, -1.5558 -0.315 0.2663, -1.4935 0.4331 0.204, -1.4935 -0.315 0.204, -1.4189 0.4331 0.1571, -1.4189 -0.315 0.1571, -1.3356 0.4331 0.128, -1.3356 -0.315 0.128, -1.6417 -1.101 0.5614, -1.6417 -1.0971 0.5709, -1.6417 0.5512 -0.315, -1.6417 -1.1024 0.5512, -1.6417 -1.0908 0.579, -1.6417 -1.0827 0.5853, -1.6417 -1.0732 0.5892, -1.6417 -0.3346 0.5853, -1.6417 -0.3265 0.579, -1.6417 -0.3202 0.5709, -1.6417 0.6299 -0.3937, -1.6417 0.5539 -0.3353, -1.6417 -0.315 0.5512, -1.6417 -0.3163 0.5614, -1.6417 0.7874 -0.3937, -1.6417 0.8078 -0.391, -1.6417 0.5617 -0.3543, -1.6417 0.5742 -0.3706, -1.6417 0.5906 -0.3832, -1.6417 0.6095 -0.391, -1.6417 0.8268 -0.3832, -1.6417 0.8431 -0.3706, -1.6417 0.8635 -0.3353, -1.6417 0.8556 -0.3543, -1.6417 -1.063 0.5906, -1.6417 -0.3543 0.5906, -1.6417 -0.3441 0.5892, 0.8524 0.5512 1.1237, 0.8239 0.5512 1.2383, 0.8345 0.5512 1.1168, 0.7792 0.5512 1.2212, 0.4387 0.5512 0.9071, 0.3834 0.5512 1.0114, 0.8439 0.0263 1.238, 0.7647 0.0263 1.1726, 0.8431 0.0263 1.2323, 0.841 0.0263 1.2271, 0.8384 0.0263 1.2206, 0.8347 0.0263 1.2153, 0.8303 0.0263 1.2091, 0.8235 0.0263 1.203, 0.8148 0.0263 1.1951, 0.8041 0.0263 1.1889, 0.7664 0.0263 1.1729, 0.7947 0.0263 1.1834, 0.4782 0.0263 1.1971, 0.4721 0.0263 1.2029, 0.4641 0.0263 1.2106, 0.4609 0.0263 1.2153, 0.4562 0.0263 1.2224, 0.4546 0.0263 1.2271, 0.4521 0.0263 1.2343, 0.4517 0.0263 1.2379, 0.7358 0.0263 1.167, 0.7069 0.0263 1.1654, 0.5888 0.0263 1.1654, 0.5239 0.0263 1.1746, 0.4982 0.0263 1.1847, 0.4916 0.0263 1.1888, 0.5532 0.0263 1.1679, 0.531 0.0263 1.173, 0.844 0.1838 1.2379, 0.8436 0.1838 1.2343, 0.8348 0.1838 1.2153, 0.8316 0.1838 1.2106, 0.8236 0.1838 1.2029, 0.8395 0.1838 1.2224, 0.8411 0.1838 1.2271, 0.4518 0.1838 1.238, 0.8041 0.1838 1.1888, 0.8175 0.1838 1.1971, 0.4526 0.1838 1.2323, 0.4547 0.1838 1.2271, 0.4573 0.1838 1.2206, 0.461 0.1838 1.2153, 0.4654 0.1838 1.2091, 0.4722 0.1838 1.203, 0.531 0.1838 1.1726, 0.4916 0.1838 1.1889, 0.5293 0.1838 1.1729, 0.501 0.1838 1.1834, 0.4809 0.1838 1.1951, 0.7975 0.1838 1.1847, 0.7718 0.1838 1.1746, 0.5599 0.1838 1.167, 0.5888 0.1838 1.1654, 0.7069 0.1838 1.1654, 0.7425 0.1838 1.1679, 0.7647 0.1838 1.173, 0.7069 0.0263 0.0787, 0.5888 0.0263 0.0787, 0.4514 0.0263 0.0062, 0.531 0.0263 0.0715, 0.4914 0.0263 0.0557, 0.4718 0.0263 0.0416, 0.4543 0.0263 0.0172, 0.4607 0.0263 0.029, 0.7647 0.0263 0.0715, 0.8043 0.0263 0.0557, 0.8239 0.0263 0.0416, 0.835 0.0263 0.029, 0.8414 0.0263 0.0172, 0.8443 0.0263 0.0062, 0.5888 0.1838 0.0787, 0.7069 0.1838 0.0787, 0.8443 0.1838 0.0062, 0.7647 0.1838 0.0715, 0.8043 0.1838 0.0557, 0.8239 0.1838 0.0416, 0.8414 0.1838 0.0172, 0.835 0.1838 0.029, 0.531 0.1838 0.0715, 0.4914 0.1838 0.0557, 0.4718 0.1838 0.0416, 0.4607 0.1838 0.029, 0.4543 0.1838 0.0172, 0.4514 0.1838 0.0062, -0.8439 0.0263 0.0061, -0.7647 0.0263 0.0715, -0.8431 0.0263 0.0118, -0.841 0.0263 0.017, -0.8384 0.0263 0.0235, -0.8347 0.0263 0.0288, -0.8303 0.0263 0.035, -0.8235 0.0263 0.0411, -0.8148 0.0263 0.049, -0.8041 0.0263 0.0552, -0.7664 0.0263 0.0712, -0.7947 0.0263 0.0607, -0.4782 0.0263 0.047, -0.4721 0.0263 0.0412, -0.4641 0.0263 0.0335, -0.4609 0.0263 0.0288, -0.4562 0.0263 0.0217, -0.4546 0.0263 0.017, -0.4521 0.0263 0.0098, -0.4517 0.0263 0.0061, -0.7358 0.0263 0.0771, -0.7069 0.0263 0.0787, -0.5888 0.0263 0.0787, -0.5239 0.0263 0.0695, -0.4982 0.0263 0.0594, -0.4916 0.0263 0.0553, -0.5532 0.0263 0.0762, -0.531 0.0263 0.0711, -0.844 0.1838 0.0061, -0.8436 0.1838 0.0098, -0.4518 0.1838 0.0061, -0.8041 0.1838 0.0553, -0.8175 0.1838 0.047, -0.8236 0.1838 0.0412, -0.8316 0.1838 0.0335, -0.8348 0.1838 0.0288, -0.8395 0.1838 0.0217, -0.8411 0.1838 0.017, -0.4526 0.1838 0.0118, -0.4547 0.1838 0.017, -0.4573 0.1838 0.0235, -0.461 0.1838 0.0288, -0.4654 0.1838 0.035, -0.4722 0.1838 0.0411, -0.531 0.1838 0.0715, -0.4916 0.1838 0.0552, -0.5293 0.1838 0.0712, -0.501 0.1838 0.0607, -0.4809 0.1838 0.049, -0.7975 0.1838 0.0594, -0.7718 0.1838 0.0695, -0.5599 0.1838 0.0771, -0.5888 0.1838 0.0787, -0.7069 0.1838 0.0787, -0.7425 0.1838 0.0762, -0.7647 0.1838 0.0711, -0.531 0.1838 1.173, -0.8439 0.1838 1.238, -0.5239 0.1838 1.1746, -0.4982 0.1838 1.1847, -0.4916 0.1838 1.1888, -0.4782 0.1838 1.1971, -0.4721 0.1838 1.2029, -0.4641 0.1838 1.2106, -0.4609 0.1838 1.2153, -0.4562 0.1838 1.2224, -0.4546 0.1838 1.2271, -0.4521 0.1838 1.2343, -0.4517 0.1838 1.2379, -0.8431 0.1838 1.2323, -0.841 0.1838 1.2271, -0.8384 0.1838 1.2206, -0.8347 0.1838 1.2153, -0.8303 0.1838 1.2091, -0.8235 0.1838 1.203, -0.7647 0.1838 1.1726, -0.8041 0.1838 1.1889, -0.7664 0.1838 1.1729, -0.7947 0.1838 1.1834, -0.7358 0.1838 1.167, -0.7069 0.1838 1.1654, -0.5888 0.1838 1.1654, -0.8148 0.1838 1.1951, -0.5532 0.1838 1.1679, -0.5293 0.0263 1.1729, -0.531 0.0263 1.1726, -0.4722 0.0263 1.203, -0.4809 0.0263 1.1951, -0.4916 0.0263 1.1889, -0.8395 0.0263 1.2224, -0.8411 0.0263 1.2271, -0.501 0.0263 1.1834, -0.8175 0.0263 1.1971, -0.8236 0.0263 1.2029, -0.8436 0.0263 1.2343, -0.844 0.0263 1.2379, -0.5599 0.0263 1.167, -0.5888 0.0263 1.1654, -0.7069 0.0263 1.1654, -0.8316 0.0263 1.2106, -0.8348 0.0263 1.2153, -0.4526 0.0263 1.2323, -0.4547 0.0263 1.2271, -0.7425 0.0263 1.1679, -0.7647 0.0263 1.173, -0.7718 0.0263 1.1746, -0.4518 0.0263 1.238, -0.4573 0.0263 1.2206, -0.461 0.0263 1.2153, -0.4654 0.0263 1.2091, -0.7975 0.0263 1.1847, -0.8041 0.0263 1.1888, -0.4387 0.5512 0.9071, -0.8345 0.5512 1.1168, -0.3834 0.5512 1.0114, -0.7792 0.5512 1.2212, -0.8239 0.5512 1.2383, -0.8524 0.5512 1.1237
            ]
        }
        coordIndex [
            0,1,2,-1,0,2,3,-1,3,2,4,-1,3,4,5,-1,5,4,6,-1,5,6,7,-1,7,6,8,-1,7,8,9,-1,9,8,10,-1,9,10,11,-1,11,10,12,-1,11,12,13,-1,13,12,14,-1,13,14,15,-1,15,14,16,-1,15,16,17,-1,18,19,20,-1,18,20,21,-1,21,20,22,-1,21,22,23,-1,23,22,24,-1,23,24,25,-1,25,24,26,-1,25,26,27,-1,27,26,28,-1,27,28,29,-1,29,28,30,-1,29,30,31,-1,31,30,32,-1,31,32,33,-1,33,32,34,-1,33,34,35,-1,36,37,38,-1,38,37,39,-1,38,39,40,-1,40,39,41,-1,40,41,42,-1,42,41,43,-1,42,43,44,-1,44,43,45,-1,44,45,46,-1,46,45,47,-1,46,47,48,-1,48,47,49,-1,48,49,50,-1,50,49,51,-1,52,53,54,-1,54,53,55,-1,54,55,56,-1,56,55,57,-1,56,57,58,-1,58,57,59,-1,58,59,60,-1,60,59,61,-1,60,61,62,-1,62,61,63,-1,62,63,64,-1,64,63,65,-1,64,65,66,-1,66,65,67,-1,68,69,70,-1,71,72,73,-1,74,75,76,-1,76,75,77,-1,78,79,76,-1,76,79,80,-1,76,80,81,-1,81,82,76,-1,76,82,83,-1,76,83,74,-1,84,85,86,-1,86,85,87,-1,86,87,88,-1,88,87,89,-1,90,91,92,-1,93,94,90,-1,90,94,95,-1,90,95,96,-1,84,86,97,-1,97,86,90,-1,97,90,98,-1,98,90,92,-1,98,92,99,-1,99,92,100,-1,99,100,101,-1,96,102,90,-1,90,102,103,-1,90,103,91,-1,104,105,106,-1,106,105,107,-1,106,107,108,-1,108,109,106,-1,106,109,110,-1,106,110,111,-1,111,110,112,-1,112,113,111,-1,111,113,114,-1,111,114,93,-1,93,114,115,-1,93,115,94,-1,116,117,118,-1,118,117,119,-1,118,119,106,-1,106,119,120,-1,106,120,104,-1,121,122,118,-1,118,122,123,-1,118,123,116,-1,124,125,126,-1,126,125,127,-1,126,127,121,-1,121,127,128,-1,121,128,122,-1,129,130,131,-1,131,130,132,-1,132,133,131,-1,131,133,134,-1,131,134,124,-1,135,136,137,-1,138,139,140,-1,141,142,143,-1,144,145,146,-1,146,145,147,-1,138,140,148,-1,141,143,149,-1,150,151,145,-1,145,151,152,-1,145,152,153,-1,137,136,143,-1,143,136,154,-1,143,154,149,-1,139,155,140,-1,140,155,156,-1,140,156,157,-1,158,159,160,-1,160,159,161,-1,160,161,162,-1,163,153,164,-1,164,153,165,-1,164,165,160,-1,160,165,166,-1,160,166,158,-1,163,167,153,-1,153,167,168,-1,153,168,145,-1,145,168,169,-1,145,169,147,-1,170,171,172,-1,172,171,173,-1,172,173,140,-1,140,173,174,-1,140,174,148,-1,175,176,140,-1,140,176,177,-1,140,177,145,-1,145,177,178,-1,145,178,150,-1,179,180,129,-1,129,180,181,-1,129,181,182,-1,182,183,129,-1,129,183,184,-1,129,184,185,-1,185,184,170,-1,185,170,186,-1,186,170,172,-1,142,187,143,-1,143,187,188,-1,143,188,129,-1,129,188,189,-1,129,189,179,-1,157,190,140,-1,140,190,191,-1,140,191,192,-1,192,193,140,-1,140,193,194,-1,140,194,175,-1,195,196,197,-1,197,153,195,-1,195,153,152,-1,195,152,198,-1,198,152,199,-1,199,200,198,-1,198,200,201,-1,198,201,202,-1,203,204,205,-1,204,206,205,-1,205,206,207,-1,205,207,208,-1,209,205,210,-1,196,195,209,-1,209,195,211,-1,209,211,205,-1,205,211,212,-1,205,212,203,-1,210,213,209,-1,209,213,214,-1,209,214,215,-1,208,207,216,-1,216,207,217,-1,216,217,218,-1,218,217,219,-1,218,219,220,-1,221,222,215,-1,215,222,223,-1,215,223,209,-1,75,224,77,-1,77,224,225,-1,77,225,137,-1,137,225,226,-1,137,226,135,-1,227,228,229,-1,228,227,230,-1,230,227,231,-1,230,231,232,-1,233,234,235,-1,236,237,238,-1,238,237,233,-1,235,234,239,-1,239,234,240,-1,239,240,232,-1,232,240,241,-1,232,241,230,-1,242,243,244,-1,244,243,245,-1,246,247,248,-1,248,247,249,-1,242,244,250,-1,250,244,251,-1,250,251,252,-1,252,251,253,-1,252,253,254,-1,253,255,254,-1,254,255,256,-1,254,256,257,-1,258,259,260,-1,248,253,246,-1,246,253,251,-1,246,251,261,-1,261,251,262,-1,261,262,260,-1,260,262,263,-1,260,263,258,-1,249,247,264,-1,264,247,265,-1,264,265,258,-1,266,267,265,-1,265,267,268,-1,265,268,269,-1,270,271,259,-1,271,272,259,-1,259,272,273,-1,259,273,274,-1,275,276,270,-1,258,265,259,-1,259,265,269,-1,259,269,270,-1,270,269,277,-1,270,277,275,-1,276,278,270,-1,270,278,279,-1,270,279,280,-1,281,282,283,-1,280,284,270,-1,270,284,285,-1,270,285,286,-1,286,285,287,-1,287,285,283,-1,283,285,288,-1,283,288,281,-1,282,289,283,-1,283,289,290,-1,283,290,291,-1,291,292,283,-1,283,292,293,-1,283,293,294,-1,294,293,295,-1,73,296,297,-1,297,298,73,-1,73,298,299,-1,73,299,71,-1,300,301,302,-1,302,301,303,-1,303,304,305,-1,305,304,306,-1,305,306,73,-1,73,306,307,-1,73,307,296,-1,308,309,310,-1,310,309,311,-1,310,311,312,-1,312,313,310,-1,310,313,314,-1,310,314,315,-1,316,317,308,-1,308,317,318,-1,308,318,309,-1,319,320,321,-1,321,320,322,-1,323,324,325,-1,325,324,321,-1,325,321,326,-1,327,86,328,-1,328,86,329,-1,328,329,322,-1,329,330,322,-1,322,330,331,-1,322,331,332,-1,332,333,322,-1,322,333,334,-1,322,334,321,-1,321,334,335,-1,321,335,326,-1,336,337,88,-1,88,337,338,-1,88,338,86,-1,86,338,339,-1,86,339,329,-1,340,341,88,-1,88,341,342,-1,88,342,336,-1,343,344,340,-1,345,346,347,-1,347,346,348,-1,347,348,349,-1,345,350,346,-1,346,350,351,-1,346,351,352,-1,353,354,348,-1,348,354,355,-1,348,355,349,-1,356,357,358,-1,359,360,361,-1,361,360,362,-1,348,363,353,-1,353,363,364,-1,353,364,365,-1,365,364,361,-1,365,361,366,-1,366,361,362,-1,366,362,367,-1,367,362,358,-1,367,358,368,-1,368,358,369,-1,370,371,357,-1,357,371,372,-1,357,372,373,-1,373,374,357,-1,357,374,375,-1,357,375,358,-1,358,375,376,-1,358,376,369,-1,377,378,235,-1,379,380,239,-1,239,380,381,-1,382,383,384,-1,384,383,235,-1,384,235,385,-1,385,235,378,-1,381,386,239,-1,239,386,387,-1,239,387,388,-1,388,389,239,-1,239,389,390,-1,239,390,235,-1,235,390,391,-1,235,391,377,-1,246,392,379,-1,379,392,393,-1,379,393,380,-1,382,394,383,-1,383,394,395,-1,383,395,261,-1,261,395,396,-1,261,396,246,-1,246,396,397,-1,246,397,392,-1,398,399,400,-1,400,399,401,-1,402,403,404,-1,404,403,405,-1,404,405,406,-1,407,408,409,-1,409,410,411,-1,412,308,413,-1,413,308,414,-1,415,416,405,-1,405,416,417,-1,398,418,399,-1,399,418,419,-1,399,419,420,-1,420,419,421,-1,422,423,421,-1,421,423,424,-1,421,424,420,-1,417,425,405,-1,405,425,426,-1,405,426,406,-1,408,427,409,-1,409,427,428,-1,409,428,410,-1,429,430,431,-1,431,430,432,-1,431,432,433,-1,433,432,434,-1,433,434,435,-1,411,436,409,-1,409,436,437,-1,409,437,308,-1,308,437,401,-1,308,401,414,-1,414,401,399,-1,412,438,308,-1,308,438,439,-1,308,439,440,-1,441,442,421,-1,421,442,443,-1,421,443,444,-1,445,446,447,-1,447,446,448,-1,447,448,449,-1,450,451,452,-1,452,451,453,-1,452,453,435,-1,435,453,454,-1,435,454,433,-1,444,455,421,-1,421,455,456,-1,421,456,422,-1,457,458,459,-1,445,450,446,-1,446,450,452,-1,446,452,460,-1,460,452,403,-1,460,403,461,-1,461,403,402,-1,461,402,462,-1,462,402,463,-1,464,463,465,-1,465,463,402,-1,465,402,457,-1,457,402,404,-1,457,404,458,-1,466,467,70,-1,468,469,316,-1,440,430,308,-1,308,430,429,-1,308,429,316,-1,316,429,470,-1,316,470,468,-1,471,472,70,-1,70,472,473,-1,469,474,316,-1,316,474,475,-1,316,475,476,-1,476,475,477,-1,476,477,466,-1,478,479,467,-1,467,479,480,-1,467,480,70,-1,70,480,481,-1,70,481,471,-1,473,482,70,-1,70,482,483,-1,70,483,68,-1,484,485,486,-1,486,485,487,-1,486,487,488,-1,486,489,484,-1,484,489,490,-1,484,490,491,-1,491,492,484,-1,484,492,493,-1,484,493,494,-1,494,493,495,-1,494,495,496,-1,496,495,497,-1,496,497,467,-1,467,497,498,-1,467,498,478,-1,499,500,488,-1,488,500,501,-1,488,501,486,-1,502,503,449,-1,449,503,504,-1,449,504,447,-1,502,505,503,-1,503,505,506,-1,503,506,507,-1,507,506,508,-1,507,509,510,-1,508,511,507,-1,507,511,512,-1,507,512,513,-1,513,514,507,-1,507,514,515,-1,507,515,509,-1,510,516,507,-1,507,516,517,-1,507,517,518,-1,519,520,521,-1,522,523,524,-1,521,525,519,-1,519,525,526,-1,519,526,527,-1,527,526,522,-1,527,522,528,-1,528,522,524,-1,529,530,70,-1,70,530,531,-1,466,70,476,-1,476,70,531,-1,476,531,525,-1,525,531,532,-1,525,532,526,-1,533,530,534,-1,534,530,529,-1,534,529,535,-1,536,537,538,-1,539,540,529,-1,529,540,541,-1,529,541,535,-1,464,465,69,-1,69,465,536,-1,69,536,70,-1,70,536,538,-1,70,538,529,-1,529,538,542,-1,529,542,543,-1,544,545,546,-1,546,545,547,-1,546,547,536,-1,536,547,548,-1,536,548,537,-1,543,549,529,-1,529,549,550,-1,529,550,539,-1,551,552,553,-1,551,553,554,-1,552,555,553,-1,553,555,556,-1,553,556,546,-1,546,556,557,-1,546,557,544,-1,558,559,560,-1,560,559,561,-1,562,563,564,-1,564,563,565,-1,564,565,566,-1,566,565,567,-1,566,567,568,-1,558,560,569,-1,569,560,565,-1,569,565,570,-1,570,565,563,-1,570,563,571,-1,563,572,571,-1,571,572,573,-1,571,573,574,-1,567,575,568,-1,568,575,576,-1,568,576,577,-1,577,576,578,-1,562,564,579,-1,579,564,580,-1,579,580,578,-1,578,580,521,-1,578,521,577,-1,577,521,520,-1,577,520,554,-1,340,88,343,-1,343,88,581,-1,343,581,582,-1,582,581,583,-1,582,583,584,-1,584,583,585,-1,584,585,586,-1,586,585,587,-1,586,587,588,-1,588,587,346,-1,588,346,589,-1,589,346,352,-1,589,352,590,-1,266,265,585,-1,585,265,247,-1,585,247,587,-1,587,247,246,-1,587,246,346,-1,346,246,379,-1,346,379,348,-1,348,379,239,-1,348,239,363,-1,363,239,232,-1,363,232,364,-1,364,232,231,-1,364,231,361,-1,88,305,581,-1,581,305,73,-1,581,73,583,-1,583,73,72,-1,583,72,585,-1,585,72,591,-1,585,591,266,-1,358,359,356,-1,356,359,361,-1,356,361,592,-1,592,361,231,-1,592,231,593,-1,593,231,227,-1,593,227,594,-1,303,305,302,-1,302,305,595,-1,302,595,596,-1,77,597,76,-1,76,597,598,-1,76,598,599,-1,600,595,599,-1,599,595,305,-1,599,305,76,-1,76,305,88,-1,76,88,78,-1,78,88,89,-1,564,235,580,-1,580,235,383,-1,580,383,521,-1,521,383,261,-1,521,261,525,-1,525,261,260,-1,525,260,476,-1,476,260,259,-1,476,259,316,-1,316,259,274,-1,316,274,317,-1,596,597,302,-1,302,597,77,-1,302,77,601,-1,601,77,137,-1,602,603,604,-1,605,606,607,-1,604,603,608,-1,608,603,609,-1,608,609,610,-1,607,602,605,-1,605,602,604,-1,605,604,611,-1,611,604,612,-1,611,612,610,-1,610,612,594,-1,610,594,608,-1,608,594,227,-1,608,227,238,-1,238,227,229,-1,238,229,236,-1,236,229,613,-1,614,615,608,-1,616,617,608,-1,608,617,618,-1,608,618,604,-1,604,618,619,-1,604,619,620,-1,620,621,604,-1,604,621,622,-1,604,622,623,-1,623,624,604,-1,604,624,625,-1,604,625,566,-1,566,625,626,-1,566,626,564,-1,564,626,627,-1,564,627,628,-1,233,235,238,-1,238,235,564,-1,238,564,608,-1,608,564,628,-1,608,628,614,-1,615,629,608,-1,608,629,630,-1,608,630,616,-1,315,300,310,-1,310,300,302,-1,310,302,308,-1,308,302,601,-1,308,601,409,-1,409,601,631,-1,143,631,632,-1,632,631,633,-1,633,631,634,-1,634,631,601,-1,634,601,635,-1,143,632,137,-1,137,632,636,-1,137,636,601,-1,601,636,637,-1,601,637,635,-1,638,639,640,-1,640,639,634,-1,640,634,641,-1,641,634,635,-1,641,635,642,-1,642,635,643,-1,554,553,577,-1,577,553,644,-1,577,644,568,-1,568,644,645,-1,568,645,566,-1,566,645,646,-1,566,646,604,-1,604,646,647,-1,604,647,612,-1,129,131,143,-1,143,131,648,-1,143,648,631,-1,631,648,457,-1,631,457,409,-1,409,457,459,-1,409,459,407,-1,124,126,131,-1,131,126,649,-1,131,649,648,-1,648,649,650,-1,648,650,457,-1,457,650,651,-1,457,651,465,-1,465,651,652,-1,465,652,536,-1,536,652,653,-1,536,653,546,-1,546,653,654,-1,546,654,553,-1,553,654,655,-1,553,655,644,-1,644,655,656,-1,644,656,645,-1,645,656,657,-1,645,657,646,-1,646,657,658,-1,646,658,647,-1,327,320,86,-1,86,320,319,-1,86,319,90,-1,90,319,659,-1,90,659,93,-1,93,659,660,-1,93,660,111,-1,111,660,661,-1,111,661,106,-1,106,661,662,-1,106,662,118,-1,118,662,663,-1,118,663,121,-1,121,663,664,-1,665,666,667,-1,667,666,668,-1,669,670,671,-1,671,670,672,-1,671,672,673,-1,673,672,674,-1,673,674,675,-1,675,674,676,-1,675,676,677,-1,678,679,680,-1,680,679,681,-1,680,681,682,-1,682,681,683,-1,682,683,324,-1,324,683,684,-1,324,684,321,-1,321,684,685,-1,321,685,686,-1,686,685,687,-1,686,687,688,-1,688,687,689,-1,688,689,690,-1,690,689,691,-1,690,691,692,-1,692,691,677,-1,692,677,693,-1,693,677,676,-1,590,694,344,-1,344,694,695,-1,696,697,698,-1,698,697,699,-1,698,699,700,-1,700,699,701,-1,700,701,702,-1,702,701,370,-1,702,370,703,-1,703,370,357,-1,703,357,704,-1,704,357,705,-1,704,705,706,-1,706,705,707,-1,706,707,708,-1,709,710,711,-1,711,710,712,-1,711,712,713,-1,713,712,714,-1,713,714,715,-1,715,714,716,-1,715,716,717,-1,717,716,718,-1,717,718,719,-1,719,718,708,-1,719,708,720,-1,720,708,707,-1,711,721,722,-1,723,724,725,-1,721,726,727,-1,726,721,728,-1,728,721,35,-1,728,35,34,-1,729,730,722,-1,731,732,733,-1,733,732,722,-1,725,724,734,-1,727,735,721,-1,721,735,736,-1,721,736,737,-1,730,738,722,-1,722,738,739,-1,722,739,733,-1,740,741,742,-1,742,741,709,-1,742,709,743,-1,722,734,711,-1,711,734,724,-1,711,724,709,-1,709,724,744,-1,709,744,743,-1,737,745,721,-1,721,745,746,-1,721,746,722,-1,722,746,747,-1,722,747,729,-1,748,725,749,-1,749,725,750,-1,748,751,725,-1,725,751,752,-1,725,752,723,-1,753,672,668,-1,668,672,667,-1,754,670,755,-1,755,670,756,-1,755,756,757,-1,754,758,670,-1,670,758,759,-1,670,759,672,-1,672,759,760,-1,672,760,667,-1,761,753,762,-1,762,753,763,-1,761,764,753,-1,753,764,765,-1,753,765,16,-1,16,765,766,-1,16,766,17,-1,759,767,760,-1,760,767,768,-1,760,768,769,-1,769,770,760,-1,760,770,771,-1,760,771,772,-1,773,774,668,-1,668,774,775,-1,668,775,776,-1,776,777,668,-1,668,777,778,-1,668,778,779,-1,779,780,668,-1,668,780,781,-1,668,781,753,-1,753,781,782,-1,753,782,763,-1,783,8,784,-1,784,8,6,-1,784,6,785,-1,785,6,4,-1,785,4,786,-1,786,4,2,-1,786,2,787,-1,787,2,1,-1,787,1,788,-1,788,1,18,-1,788,18,789,-1,789,18,21,-1,789,21,790,-1,790,21,23,-1,790,23,791,-1,791,23,25,-1,791,25,792,-1,793,794,795,-1,795,794,796,-1,795,796,797,-1,797,796,798,-1,797,798,799,-1,799,798,800,-1,799,800,801,-1,801,800,753,-1,801,753,802,-1,802,753,16,-1,802,16,803,-1,803,16,14,-1,803,14,804,-1,804,14,12,-1,804,12,783,-1,783,12,10,-1,783,10,8,-1,805,806,807,-1,807,806,808,-1,807,808,809,-1,809,808,810,-1,809,810,811,-1,811,810,812,-1,811,812,813,-1,813,812,658,-1,813,658,814,-1,814,658,664,-1,814,664,815,-1,815,664,816,-1,815,816,817,-1,817,816,818,-1,817,818,793,-1,793,818,819,-1,793,819,794,-1,25,27,792,-1,792,27,29,-1,792,29,820,-1,820,29,31,-1,820,31,821,-1,821,31,33,-1,821,33,822,-1,822,33,35,-1,822,35,823,-1,823,35,721,-1,823,721,824,-1,824,721,825,-1,824,825,826,-1,826,825,827,-1,826,827,805,-1,805,827,828,-1,805,828,806,-1,829,830,831,-1,832,833,834,-1,833,829,834,-1,834,829,831,-1,834,831,835,-1,835,831,836,-1,837,1,838,-1,838,1,0,-1,839,840,841,-1,841,840,842,-1,837,843,1,-1,1,843,844,-1,1,844,845,-1,845,844,846,-1,845,846,847,-1,839,848,845,-1,845,848,849,-1,19,18,850,-1,850,18,851,-1,852,853,841,-1,841,853,854,-1,841,854,839,-1,839,854,855,-1,839,855,848,-1,847,856,845,-1,845,856,857,-1,845,857,858,-1,859,860,834,-1,834,860,861,-1,834,861,832,-1,858,860,845,-1,845,860,859,-1,845,859,842,-1,842,859,836,-1,842,836,841,-1,841,836,831,-1,862,863,1,-1,1,863,864,-1,1,864,18,-1,18,864,865,-1,18,865,851,-1,849,866,845,-1,845,866,867,-1,845,867,1,-1,1,867,868,-1,1,868,862,-1,831,830,869,-1,831,869,870,-1,870,869,871,-1,870,871,872,-1,872,871,873,-1,872,873,874,-1,874,873,875,-1,874,875,876,-1,876,875,877,-1,876,877,878,-1,878,877,879,-1,878,879,880,-1,880,879,881,-1,880,881,882,-1,882,881,774,-1,882,774,773,-1,664,321,686,-1,664,686,816,-1,816,686,688,-1,816,688,818,-1,818,688,690,-1,818,690,819,-1,819,690,692,-1,819,692,794,-1,794,692,693,-1,794,693,796,-1,796,693,676,-1,796,676,798,-1,798,676,674,-1,798,674,800,-1,800,674,672,-1,800,672,753,-1,852,841,883,-1,852,883,884,-1,884,883,885,-1,884,885,886,-1,886,885,887,-1,886,887,888,-1,888,887,889,-1,888,889,890,-1,890,889,891,-1,890,891,892,-1,892,891,893,-1,892,893,894,-1,894,893,895,-1,894,895,896,-1,896,895,732,-1,896,732,731,-1,357,658,812,-1,357,812,705,-1,705,812,810,-1,705,810,707,-1,707,810,808,-1,707,808,720,-1,720,808,806,-1,720,806,719,-1,719,806,828,-1,719,828,717,-1,717,828,827,-1,717,827,715,-1,715,827,825,-1,715,825,713,-1,713,825,721,-1,713,721,711,-1,685,897,687,-1,687,897,898,-1,687,898,689,-1,689,898,899,-1,689,899,691,-1,691,899,900,-1,691,900,677,-1,677,900,901,-1,677,901,675,-1,675,901,902,-1,675,902,673,-1,673,902,903,-1,673,903,671,-1,671,903,904,-1,684,905,685,-1,685,905,906,-1,907,702,908,-1,908,702,703,-1,906,909,685,-1,685,909,910,-1,685,910,897,-1,897,910,911,-1,912,913,914,-1,912,914,915,-1,916,914,917,-1,917,914,918,-1,916,919,914,-1,914,919,920,-1,914,920,703,-1,703,920,921,-1,703,921,908,-1,911,922,897,-1,897,922,923,-1,897,923,914,-1,914,923,924,-1,914,924,915,-1,925,926,914,-1,914,926,927,-1,914,927,918,-1,913,928,914,-1,914,928,929,-1,914,929,930,-1,931,932,930,-1,930,932,933,-1,930,933,914,-1,914,933,934,-1,914,934,925,-1,695,694,935,-1,935,694,936,-1,935,936,931,-1,931,936,937,-1,931,937,932,-1,712,938,714,-1,714,938,939,-1,714,939,716,-1,716,939,940,-1,716,940,718,-1,718,940,941,-1,718,941,708,-1,708,941,942,-1,708,942,706,-1,706,942,943,-1,706,943,704,-1,704,943,944,-1,704,944,703,-1,703,944,914,-1,712,710,945,-1,946,947,710,-1,945,948,712,-1,712,948,949,-1,712,949,938,-1,950,951,952,-1,710,947,945,-1,945,947,953,-1,945,953,954,-1,950,952,710,-1,710,952,955,-1,710,955,946,-1,956,957,938,-1,938,958,51,-1,51,958,959,-1,51,959,50,-1,954,960,961,-1,962,963,949,-1,949,963,964,-1,949,964,965,-1,957,966,938,-1,938,966,967,-1,938,967,958,-1,961,968,954,-1,954,968,969,-1,954,969,945,-1,965,970,949,-1,949,970,971,-1,949,971,972,-1,972,973,949,-1,949,973,974,-1,949,974,938,-1,938,974,975,-1,938,975,956,-1,976,977,978,-1,978,977,979,-1,978,979,980,-1,980,979,981,-1,980,981,982,-1,982,981,983,-1,982,983,984,-1,984,983,985,-1,984,985,986,-1,986,985,987,-1,986,987,988,-1,988,987,989,-1,988,989,962,-1,962,989,963,-1,990,991,992,-1,66,67,993,-1,993,67,994,-1,995,37,996,-1,996,37,36,-1,995,990,37,-1,37,990,992,-1,37,992,67,-1,67,992,997,-1,67,997,994,-1,998,999,1000,-1,1000,999,1001,-1,1000,1001,1002,-1,1003,1004,976,-1,976,1004,1005,-1,976,1005,977,-1,1003,976,1006,-1,1006,976,1000,-1,1006,1000,1007,-1,1007,1000,1002,-1,1007,1002,1008,-1,991,1009,992,-1,992,1009,1010,-1,992,1010,1011,-1,1008,1012,1007,-1,1007,1012,1013,-1,1007,1013,1014,-1,1014,1013,1015,-1,1015,1013,1016,-1,1015,1016,1017,-1,1017,1016,1018,-1,1017,1018,1010,-1,1010,1018,1019,-1,1010,1019,1011,-1,1020,1021,1022,-1,1022,1021,1023,-1,1022,1023,1024,-1,1024,1023,1025,-1,1024,1025,1026,-1,1026,1025,1027,-1,1026,1027,1028,-1,1028,1027,1029,-1,1028,1029,1030,-1,1030,1029,1031,-1,1030,1031,1032,-1,1032,1031,1033,-1,1032,1033,1000,-1,1000,1033,998,-1,1034,1035,904,-1,904,666,671,-1,671,666,665,-1,671,665,669,-1,669,665,1036,-1,1034,904,1037,-1,1037,904,53,-1,1037,53,52,-1,1035,1038,904,-1,904,1038,1039,-1,904,1039,1040,-1,1041,1042,666,-1,666,1042,1043,-1,1044,1036,1045,-1,1021,1020,1046,-1,1046,1020,666,-1,1046,666,1047,-1,1047,666,1043,-1,1036,1044,669,-1,669,1044,1048,-1,669,1048,1049,-1,1045,1050,1051,-1,1051,1052,1045,-1,1045,1052,1053,-1,1045,1053,1044,-1,1049,1054,669,-1,669,1054,1055,-1,669,1055,1056,-1,1056,1055,1057,-1,1040,1058,904,-1,904,1058,1059,-1,904,1059,666,-1,666,1059,1060,-1,666,1060,1041,-1,668,666,773,-1,773,666,1020,-1,773,1020,882,-1,882,1020,1022,-1,882,1022,880,-1,880,1022,1024,-1,880,1024,878,-1,878,1024,1026,-1,878,1026,876,-1,876,1026,1028,-1,949,722,962,-1,962,722,732,-1,962,732,988,-1,988,732,895,-1,988,895,986,-1,986,895,893,-1,986,893,984,-1,893,891,984,-1,984,891,889,-1,984,889,982,-1,982,889,887,-1,982,887,980,-1,980,887,885,-1,980,885,978,-1,978,885,883,-1,978,883,976,-1,976,883,841,-1,976,841,1000,-1,1000,841,831,-1,1000,831,1032,-1,1032,831,870,-1,1032,870,1030,-1,1030,870,872,-1,1030,872,1028,-1,1028,872,874,-1,1028,874,876,-1,722,949,734,-1,734,949,948,-1,908,921,372,-1,372,921,373,-1,927,367,918,-1,918,367,368,-1,918,368,917,-1,917,368,369,-1,917,369,916,-1,916,369,376,-1,916,376,919,-1,919,376,375,-1,919,375,920,-1,920,375,374,-1,920,374,921,-1,921,374,373,-1,927,926,367,-1,367,926,354,-1,936,352,937,-1,937,352,351,-1,937,351,932,-1,932,351,350,-1,932,350,933,-1,933,350,345,-1,933,345,934,-1,934,345,349,-1,934,349,925,-1,925,349,355,-1,925,355,926,-1,926,355,354,-1,936,694,352,-1,352,694,590,-1,908,372,907,-1,907,372,371,-1,907,371,1061,-1,1061,371,1062,-1,1061,1062,1063,-1,1063,1062,1064,-1,1063,1064,1065,-1,1065,1064,1066,-1,1063,1065,698,-1,698,1065,696,-1,1063,698,1061,-1,1061,698,700,-1,1061,700,907,-1,907,700,702,-1,371,370,701,-1,371,701,1062,-1,1062,701,699,-1,1062,699,1064,-1,1066,1064,697,-1,697,1064,699,-1,1065,1066,696,-1,696,1066,697,-1,359,1067,1068,-1,1068,1067,1069,-1,1068,1069,1070,-1,1070,1071,1068,-1,1068,1071,1072,-1,1068,1072,1073,-1,1074,1075,1076,-1,1073,1074,1068,-1,1068,1074,1076,-1,1068,1076,1077,-1,1077,1076,1078,-1,1079,1080,359,-1,359,1080,1081,-1,1081,1082,359,-1,359,1082,1083,-1,359,1083,1084,-1,1084,1085,359,-1,359,1085,1086,-1,359,1086,360,-1,1068,1087,359,-1,359,1087,1088,-1,359,1088,1089,-1,1090,1091,359,-1,359,1091,1092,-1,359,1092,1079,-1,1089,1093,359,-1,359,1093,1094,-1,359,1094,1090,-1,1095,358,362,-1,1095,362,1096,-1,1097,362,1098,-1,1098,362,1099,-1,1097,1100,362,-1,362,1100,1101,-1,362,1101,1096,-1,1102,1103,362,-1,362,1103,1104,-1,362,1104,1099,-1,1102,1105,1103,-1,1103,1105,1106,-1,1103,1106,1107,-1,1107,1108,1103,-1,1103,1108,1109,-1,1103,1109,1110,-1,1111,1112,1113,-1,1113,1112,1114,-1,1110,1115,1103,-1,1103,1115,1112,-1,1103,1112,1116,-1,1116,1112,1117,-1,1111,1118,1112,-1,1112,1118,1119,-1,1112,1119,1120,-1,1120,1121,1112,-1,1112,1121,1122,-1,1112,1122,1117,-1,1120,1119,1088,-1,1088,1119,1089,-1,1067,359,1095,-1,1095,359,358,-1,1122,1077,1117,-1,1117,1077,1078,-1,1067,1095,1069,-1,1069,1095,1096,-1,1069,1096,1070,-1,1070,1096,1101,-1,1070,1101,1071,-1,1071,1101,1100,-1,1071,1100,1072,-1,1072,1100,1097,-1,1072,1097,1073,-1,1073,1097,1098,-1,1073,1098,1074,-1,1074,1098,1099,-1,1074,1099,1075,-1,1075,1099,1104,-1,1075,1104,1076,-1,1076,1104,1103,-1,1076,1103,1078,-1,1078,1103,1116,-1,1078,1116,1117,-1,1120,1088,1121,-1,1121,1088,1087,-1,1121,1087,1122,-1,1122,1087,1068,-1,1122,1068,1077,-1,1102,362,1086,-1,1086,362,360,-1,1094,1113,1090,-1,1090,1113,1114,-1,1102,1086,1105,-1,1105,1086,1085,-1,1105,1085,1106,-1,1106,1085,1084,-1,1106,1084,1107,-1,1107,1084,1083,-1,1107,1083,1108,-1,1108,1083,1082,-1,1108,1082,1109,-1,1109,1082,1081,-1,1109,1081,1110,-1,1110,1081,1080,-1,1110,1080,1115,-1,1115,1080,1079,-1,1115,1079,1112,-1,1112,1079,1092,-1,1112,1092,1114,-1,1114,1092,1091,-1,1114,1091,1090,-1,1089,1119,1093,-1,1093,1119,1118,-1,1093,1118,1094,-1,1094,1118,1111,-1,1094,1111,1113,-1,1123,839,1124,-1,1124,839,845,-1,1124,845,1125,-1,1126,1124,1127,-1,1127,1124,1128,-1,1125,1129,1124,-1,1124,1129,1130,-1,1124,1130,1128,-1,1131,1132,1123,-1,1123,1132,1133,-1,1123,1133,1134,-1,1134,1135,1123,-1,1123,1135,1136,-1,1123,1136,839,-1,1137,842,1138,-1,1138,842,840,-1,1138,840,1139,-1,1140,1138,1141,-1,1141,1138,1142,-1,1139,1143,1138,-1,1138,1143,1144,-1,1138,1144,1142,-1,1145,1146,1137,-1,1137,1146,1147,-1,1137,1147,1148,-1,1148,1149,1137,-1,1137,1149,1150,-1,1137,1150,842,-1,1123,1138,1140,-1,1123,1140,1131,-1,1131,1140,1141,-1,1131,1141,1132,-1,1132,1141,1142,-1,1132,1142,1133,-1,1133,1142,1144,-1,1133,1144,1134,-1,1134,1144,1143,-1,1134,1143,1135,-1,1135,1143,1139,-1,1135,1139,1136,-1,1136,1139,840,-1,1136,840,839,-1,1137,1138,1124,-1,1124,1138,1123,-1,1137,1124,1126,-1,1137,1126,1145,-1,1145,1126,1127,-1,1145,1127,1146,-1,1146,1127,1128,-1,1146,1128,1147,-1,1147,1128,1130,-1,1147,1130,1148,-1,1148,1130,1129,-1,1148,1129,1149,-1,1149,1129,1125,-1,1149,1125,1150,-1,1150,1125,845,-1,1150,845,842,-1,710,709,741,-1,710,741,950,-1,950,741,740,-1,950,740,951,-1,951,740,742,-1,951,742,952,-1,952,742,743,-1,952,743,955,-1,955,743,744,-1,955,744,946,-1,946,744,724,-1,946,724,947,-1,953,947,723,-1,723,947,724,-1,953,723,752,-1,953,752,954,-1,954,752,751,-1,954,751,960,-1,960,751,748,-1,960,748,961,-1,961,748,749,-1,961,749,968,-1,968,749,750,-1,968,750,969,-1,969,750,725,-1,969,725,945,-1,948,945,734,-1,734,945,725,-1,834,1151,1152,-1,1152,1151,1153,-1,1152,1153,1154,-1,1154,1155,1152,-1,1152,1155,1156,-1,1152,1156,1157,-1,1158,1159,1160,-1,1157,1158,1152,-1,1152,1158,1160,-1,1152,1160,1161,-1,1161,1160,1162,-1,1163,1164,834,-1,834,1164,1165,-1,1165,1166,834,-1,834,1166,1167,-1,834,1167,1168,-1,1168,1169,834,-1,834,1169,1170,-1,834,1170,859,-1,1152,1171,834,-1,834,1171,1172,-1,834,1172,1173,-1,1174,1175,834,-1,834,1175,1176,-1,834,1176,1163,-1,1173,1177,834,-1,834,1177,1178,-1,834,1178,1174,-1,1179,835,836,-1,1179,836,1180,-1,1181,1182,836,-1,836,1182,1183,-1,1183,1184,836,-1,836,1184,1185,-1,836,1185,1186,-1,1186,1187,836,-1,836,1187,1188,-1,836,1188,1180,-1,1181,1189,1182,-1,1182,1189,1190,-1,1182,1190,1191,-1,1191,1192,1182,-1,1182,1192,1193,-1,1182,1193,1194,-1,1195,1196,1197,-1,1197,1196,1198,-1,1194,1199,1182,-1,1182,1199,1196,-1,1182,1196,1200,-1,1200,1196,1201,-1,1195,1202,1196,-1,1196,1202,1203,-1,1196,1203,1204,-1,1204,1205,1196,-1,1196,1205,1206,-1,1196,1206,1201,-1,1151,834,1179,-1,1179,834,835,-1,1206,1161,1201,-1,1201,1161,1162,-1,1151,1179,1153,-1,1153,1179,1180,-1,1153,1180,1154,-1,1154,1180,1188,-1,1154,1188,1155,-1,1155,1188,1187,-1,1155,1187,1156,-1,1156,1187,1186,-1,1156,1186,1157,-1,1157,1186,1185,-1,1157,1185,1158,-1,1158,1185,1184,-1,1158,1184,1159,-1,1159,1184,1183,-1,1159,1183,1160,-1,1160,1183,1182,-1,1160,1182,1162,-1,1162,1182,1200,-1,1162,1200,1201,-1,1204,1172,1205,-1,1205,1172,1171,-1,1205,1171,1206,-1,1206,1171,1152,-1,1206,1152,1161,-1,1204,1203,1172,-1,1172,1203,1173,-1,1181,836,1170,-1,1170,836,859,-1,1178,1197,1174,-1,1174,1197,1198,-1,1181,1170,1189,-1,1189,1170,1169,-1,1189,1169,1190,-1,1190,1169,1168,-1,1190,1168,1191,-1,1191,1168,1167,-1,1191,1167,1192,-1,1192,1167,1166,-1,1192,1166,1193,-1,1193,1166,1165,-1,1193,1165,1194,-1,1194,1165,1164,-1,1194,1164,1199,-1,1199,1164,1163,-1,1199,1163,1196,-1,1196,1163,1176,-1,1196,1176,1198,-1,1198,1176,1175,-1,1198,1175,1174,-1,1173,1203,1177,-1,1177,1203,1202,-1,1177,1202,1178,-1,1178,1202,1195,-1,1178,1195,1197,-1,1207,322,1208,-1,1207,1209,322,-1,322,1209,1210,-1,322,1210,1211,-1,1211,1212,322,-1,322,1212,1213,-1,322,1213,1214,-1,1214,1215,322,-1,322,1215,1216,-1,322,1216,1217,-1,1217,1218,322,-1,322,1218,1219,-1,322,1219,328,-1,1208,1220,1207,-1,1207,1220,1221,-1,1207,1221,1222,-1,1222,1223,1207,-1,1207,1223,1224,-1,1207,1224,1225,-1,1226,1227,1228,-1,1228,1227,1229,-1,1226,1230,1227,-1,1227,1230,1231,-1,1227,1231,1232,-1,1225,1233,1207,-1,1207,1233,1227,-1,1207,1227,1234,-1,1234,1227,1232,-1,1235,1236,327,-1,1237,1238,1239,-1,1240,1241,327,-1,1235,327,1242,-1,1243,1244,327,-1,1241,1245,327,-1,327,1245,1246,-1,327,1246,320,-1,1236,1247,327,-1,327,1247,1248,-1,327,1248,1249,-1,1244,1250,327,-1,327,1250,1251,-1,327,1251,1240,-1,1252,1253,1239,-1,1249,1254,327,-1,327,1254,1255,-1,327,1255,1256,-1,1242,327,1239,-1,1239,327,1257,-1,1239,1257,1252,-1,1253,1258,1239,-1,1239,1258,1259,-1,1239,1259,1237,-1,1237,1259,1260,-1,1256,1261,327,-1,327,1261,1262,-1,327,1262,1243,-1,1249,1248,1231,-1,1231,1248,1232,-1,1208,322,1246,-1,1246,322,320,-1,1255,1228,1256,-1,1256,1228,1229,-1,1208,1246,1220,-1,1220,1246,1245,-1,1220,1245,1221,-1,1221,1245,1241,-1,1221,1241,1222,-1,1222,1241,1240,-1,1222,1240,1223,-1,1223,1240,1251,-1,1223,1251,1224,-1,1224,1251,1250,-1,1224,1250,1225,-1,1225,1250,1244,-1,1225,1244,1233,-1,1233,1244,1243,-1,1233,1243,1227,-1,1227,1243,1262,-1,1227,1262,1229,-1,1229,1262,1261,-1,1229,1261,1256,-1,1249,1231,1254,-1,1254,1231,1230,-1,1254,1230,1255,-1,1255,1230,1226,-1,1255,1226,1228,-1,1257,327,1219,-1,1219,327,328,-1,1207,1235,1209,-1,1209,1235,1242,-1,1257,1219,1252,-1,1252,1219,1218,-1,1252,1218,1253,-1,1253,1218,1217,-1,1253,1217,1258,-1,1258,1217,1216,-1,1258,1216,1259,-1,1259,1216,1215,-1,1259,1215,1260,-1,1260,1215,1214,-1,1260,1214,1237,-1,1237,1214,1213,-1,1237,1213,1238,-1,1238,1213,1212,-1,1238,1212,1239,-1,1239,1212,1211,-1,1239,1211,1242,-1,1242,1211,1210,-1,1242,1210,1209,-1,1232,1248,1234,-1,1234,1248,1247,-1,1234,1247,1207,-1,1207,1247,1236,-1,1207,1236,1235,-1,326,909,325,-1,325,909,906,-1,695,935,344,-1,344,935,340,-1,912,339,913,-1,913,339,338,-1,913,338,928,-1,928,338,337,-1,928,337,929,-1,929,337,336,-1,929,336,930,-1,930,336,342,-1,930,342,931,-1,931,342,341,-1,931,341,935,-1,935,341,340,-1,912,915,339,-1,339,915,330,-1,909,326,910,-1,910,326,335,-1,910,335,911,-1,911,335,334,-1,911,334,922,-1,922,334,333,-1,922,333,923,-1,923,333,332,-1,923,332,924,-1,924,332,331,-1,924,331,915,-1,915,331,330,-1,1263,1264,679,-1,679,1264,681,-1,1265,1263,678,-1,678,1263,679,-1,1266,1265,680,-1,680,1265,678,-1,1266,680,682,-1,1266,682,1267,-1,1267,682,324,-1,1267,324,323,-1,905,684,1268,-1,1268,684,683,-1,1268,683,1264,-1,1264,683,681,-1,1263,1265,1264,-1,1264,1265,1266,-1,1264,1266,1268,-1,1268,1266,1267,-1,1268,1267,905,-1,905,1267,323,-1,905,323,906,-1,906,323,325,-1,1036,665,760,-1,760,665,667,-1,1036,760,772,-1,1036,772,1045,-1,1045,772,771,-1,1045,771,1050,-1,1050,771,770,-1,1050,770,1051,-1,1051,770,769,-1,1051,769,1052,-1,1052,769,768,-1,1052,768,1053,-1,1053,768,767,-1,1053,767,1044,-1,1048,1044,759,-1,759,1044,767,-1,1048,759,758,-1,1048,758,1049,-1,1049,758,754,-1,1049,754,1054,-1,1054,754,755,-1,1054,755,1055,-1,1055,755,757,-1,1055,757,1057,-1,1057,757,756,-1,1057,756,1056,-1,1056,756,670,-1,1056,670,669,-1,897,814,898,-1,898,814,815,-1,898,815,899,-1,899,815,817,-1,899,817,900,-1,900,817,793,-1,900,793,901,-1,901,793,795,-1,901,795,902,-1,902,795,797,-1,902,797,903,-1,903,797,799,-1,903,799,904,-1,904,799,801,-1,802,53,801,-1,801,53,904,-1,914,813,897,-1,897,813,814,-1,53,802,55,-1,55,802,803,-1,55,803,57,-1,57,803,804,-1,57,804,59,-1,59,804,783,-1,59,783,61,-1,61,783,784,-1,61,784,63,-1,63,784,785,-1,63,785,65,-1,65,785,786,-1,65,786,67,-1,67,786,787,-1,938,823,939,-1,939,823,824,-1,939,824,940,-1,940,824,826,-1,940,826,941,-1,941,826,805,-1,941,805,942,-1,942,805,807,-1,942,807,943,-1,943,807,809,-1,943,809,944,-1,944,809,811,-1,944,811,914,-1,914,811,813,-1,788,37,787,-1,787,37,67,-1,51,822,938,-1,938,822,823,-1,37,788,39,-1,39,788,789,-1,39,789,41,-1,41,789,790,-1,41,790,43,-1,43,790,791,-1,43,791,45,-1,45,791,792,-1,45,792,47,-1,47,792,820,-1,47,820,49,-1,49,820,821,-1,49,821,51,-1,51,821,822,-1,
        ]
    }
}
Shape{
    appearance Appearance {
        material  Material 	{
            diffuseColor 0.0 0.0 0.0
            specularColor 0.0 0.0 0.0
            ambientIntensity 0.0
            transparency 0.0
            shininess 0.5
        }
    }
    geometry IndexedFaceSet {
        ccw TRUE
        solid FALSE
        coord DEF co Coordinate {
            point [
                0.1147 -0.1311 1.248, 0.1147 -0.1402 1.248, 0.1147 -0.1311 1.2441, 0.1147 -0.1402 1.2441, 0.0828 -0.1311 1.248, 0.0828 -0.1311 1.2441, 0.0828 -0.0601 1.248, 0.0828 -0.0601 1.2441, 0.0724 -0.0601 1.248, 0.0724 -0.0601 1.2441, 0.0724 -0.1402 1.248, 0.0724 -0.1402 1.2441, 0.1557 -0.1416 1.248, 0.1557 -0.1416 1.2441, 0.1679 -0.1404 1.248, 0.1628 -0.1409 1.2441, 0.1679 -0.1404 1.2441, 0.1765 -0.1376 1.2441, 0.1765 -0.1376 1.248, 0.1779 -0.1369 1.2441, 0.1779 -0.1369 1.248, 0.1779 -0.127 1.248, 0.1779 -0.127 1.2441, 0.17 -0.1305 1.2441, 0.17 -0.1305 1.248, 0.1609 -0.1322 1.2441, 0.1609 -0.1322 1.248, 0.1572 -0.1324 1.2441, 0.1572 -0.1324 1.248, 0.1503 -0.1317 1.2441, 0.1503 -0.1317 1.248, 0.1444 -0.1297 1.2441, 0.1444 -0.1297 1.248, 0.139 -0.1261 1.2441, 0.139 -0.1261 1.248, 0.1366 -0.1239 1.2441, 0.1366 -0.1239 1.248, 0.133 -0.119 1.2441, 0.133 -0.119 1.248, 0.1303 -0.1127 1.2441, 0.1303 -0.1127 1.248, 0.1289 -0.1048 1.2441, 0.1289 -0.1048 1.248, 0.1288 -0.1011 1.2441, 0.1288 -0.1011 1.248, 0.1301 -0.0901 1.2441, 0.1301 -0.0901 1.248, 0.1328 -0.0832 1.2441, 0.1328 -0.0832 1.248, 0.1367 -0.0776 1.2441, 0.1367 -0.0776 1.248, 0.1372 -0.077 1.2441, 0.1372 -0.077 1.248, 0.1421 -0.0729 1.2441, 0.1421 -0.0729 1.248, 0.1483 -0.0698 1.2441, 0.1483 -0.0698 1.248, 0.1551 -0.0683 1.2441, 0.1551 -0.0683 1.248, 0.159 -0.0681 1.2441, 0.159 -0.0681 1.248, 0.1689 -0.0693 1.2441, 0.1689 -0.0693 1.248, 0.177 -0.0724 1.2441, 0.177 -0.0724 1.248, 0.1779 -0.0729 1.2441, 0.1779 -0.0729 1.248, 0.1779 -0.0621 1.248, 0.1779 -0.0621 1.2441, 0.1589 -0.0588 1.2441, 0.1589 -0.0588 1.248, 0.1675 -0.0595 1.2441, 0.1694 -0.0596 1.248, 0.1694 -0.0596 1.2441, 0.1534 -0.0595 1.2441, 0.1473 -0.0602 1.248, 0.1473 -0.0602 1.2441, 0.139 -0.0634 1.2441, 0.139 -0.0634 1.248, 0.1315 -0.0687 1.2441, 0.1315 -0.0687 1.248, 0.1295 -0.0706 1.2441, 0.1295 -0.0706 1.248, 0.1237 -0.0782 1.2441, 0.1215 -0.0833 1.2441, 0.1199 -0.0871 1.248, 0.1237 -0.0782 1.248, 0.1199 -0.0871 1.2441, 0.1181 -0.0975 1.2441, 0.1181 -0.0975 1.248, 0.1179 -0.1017 1.2441, 0.1179 -0.1017 1.248, 0.1195 -0.1147 1.2441, 0.1215 -0.1199 1.2441, 0.1228 -0.1231 1.248, 0.1195 -0.1147 1.248, 0.1228 -0.1231 1.2441, 0.1276 -0.1299 1.2441, 0.1276 -0.1299 1.248, 0.1282 -0.1306 1.2441, 0.1282 -0.1306 1.248, 0.1509 -0.1413 1.248, 0.1346 -0.136 1.2441, 0.1346 -0.136 1.248, 0.1422 -0.1395 1.2441, 0.1422 -0.1395 1.248, 0.1487 -0.1409 1.2441, 0.1509 -0.1413 1.2441, 0.237 -0.1311 1.248, 0.237 -0.1402 1.248, 0.237 -0.1311 1.2441, 0.237 -0.1402 1.2441, 0.2042 -0.1311 1.2441, 0.2042 -0.1311 1.248, 0.2259 -0.1311 1.2441, 0.2042 -0.1041 1.248, 0.2042 -0.1041 1.2441, 0.2329 -0.1041 1.248, 0.2259 -0.1041 1.2441, 0.2329 -0.1041 1.2441, 0.2329 -0.095 1.248, 0.2329 -0.095 1.2441, 0.2042 -0.095 1.2441, 0.2042 -0.095 1.248, 0.2259 -0.095 1.2441, 0.2042 -0.0694 1.248, 0.2042 -0.0694 1.2441, 0.2352 -0.0694 1.248, 0.2259 -0.0694 1.2441, 0.2352 -0.0694 1.2441, 0.2352 -0.0601 1.248, 0.2352 -0.0601 1.2441, 0.1939 -0.0601 1.2441, 0.1939 -0.0601 1.248, 0.2259 -0.0601 1.2441, 0.1939 -0.1402 1.248, 0.1939 -0.1402 1.2441, 0.2259 -0.1402 1.2441, 0.3052 -0.129 1.248, 0.2969 -0.1236 1.248, 0.2968 -0.135 1.248, 0.2918 -0.1272 1.248, 0.2877 -0.1386 1.248, 0.2852 -0.1298 1.248, 0.2741 -0.1402 1.248, 0.2741 -0.1311 1.248, 0.2521 -0.1402 1.248, 0.2624 -0.1311 1.248, 0.2521 -0.0601 1.248, 0.2624 -0.0694 1.248, 0.2749 -0.0601 1.248, 0.2745 -0.0694 1.248, 0.2755 -0.0694 1.248, 0.2872 -0.0615 1.248, 0.2857 -0.0707 1.248, 0.2968 -0.065 1.248, 0.2925 -0.0734 1.248, 0.3052 -0.0707 1.248, 0.2976 -0.0769 1.248, 0.308 -0.0735 1.248, 0.2999 -0.0791 1.248, 0.313 -0.0805 1.248, 0.303 -0.0836 1.248, 0.316 -0.0881 1.248, 0.3052 -0.0894 1.248, 0.3173 -0.0992 1.248, 0.3064 -0.0994 1.248, 0.3171 -0.1043 1.248, 0.3061 -0.105 1.248, 0.3151 -0.1136 1.248, 0.3045 -0.1123 1.248, 0.3112 -0.1219 1.248, 0.3016 -0.1181 1.248, 0.2979 -0.1227 1.248, 0.2741 -0.1402 1.2441, 0.2521 -0.1402 1.2441, 0.3052 -0.129 1.2441, 0.2877 -0.1386 1.2441, 0.2888 -0.1381 1.2441, 0.2968 -0.135 1.2441, 0.3112 -0.1219 1.2441, 0.3151 -0.1136 1.2441, 0.3171 -0.1043 1.2441, 0.3173 -0.0992 1.2441, 0.316 -0.0881 1.2441, 0.313 -0.0805 1.2441, 0.308 -0.0735 1.2441, 0.3052 -0.0707 1.2441, 0.2749 -0.0601 1.2441, 0.2968 -0.065 1.2441, 0.2888 -0.0621 1.2441, 0.2872 -0.0615 1.2441, 0.2521 -0.0601 1.2441, 0.2745 -0.0694 1.2441, 0.2624 -0.0694 1.2441, 0.2624 -0.1311 1.2441, 0.2741 -0.1311 1.2441, 0.2979 -0.1227 1.2441, 0.2969 -0.1236 1.2441, 0.2918 -0.1272 1.2441, 0.2852 -0.1298 1.2441, 0.3064 -0.0994 1.2441, 0.3061 -0.105 1.2441, 0.3045 -0.1123 1.2441, 0.3016 -0.1181 1.2441, 0.2976 -0.0769 1.2441, 0.2999 -0.0791 1.2441, 0.303 -0.0836 1.2441, 0.3052 -0.0894 1.2441, 0.2755 -0.0694 1.2441, 0.2857 -0.0707 1.2441, 0.2925 -0.0734 1.2441
            ]
        }
        coordIndex [
            0,1,2,-1,2,1,3,-1,4,0,5,-1,5,0,2,-1,6,4,7,-1,7,4,5,-1,8,6,9,-1,9,6,7,-1,10,8,11,-1,11,8,9,-1,1,10,3,-1,3,10,11,-1,6,8,4,-1,4,8,10,-1,4,10,0,-1,0,10,1,-1,12,13,14,-1,14,13,15,-1,15,16,14,-1,14,16,17,-1,14,17,18,-1,18,17,19,-1,18,19,20,-1,21,20,22,-1,22,20,19,-1,21,22,23,-1,21,23,24,-1,24,23,25,-1,24,25,26,-1,26,25,27,-1,26,27,28,-1,28,27,29,-1,28,29,30,-1,30,29,31,-1,30,31,32,-1,32,31,33,-1,32,33,34,-1,34,33,35,-1,34,35,36,-1,36,35,37,-1,36,37,38,-1,38,37,39,-1,38,39,40,-1,40,39,41,-1,40,41,42,-1,42,41,43,-1,42,43,44,-1,44,43,45,-1,44,45,46,-1,46,45,47,-1,46,47,48,-1,48,47,49,-1,48,49,50,-1,50,49,51,-1,50,51,52,-1,52,51,53,-1,52,53,54,-1,54,53,55,-1,54,55,56,-1,56,55,57,-1,56,57,58,-1,58,57,59,-1,58,59,60,-1,60,59,61,-1,60,61,62,-1,62,61,63,-1,62,63,64,-1,64,63,65,-1,64,65,66,-1,67,66,68,-1,68,66,65,-1,69,70,71,-1,71,70,72,-1,71,72,73,-1,73,72,67,-1,73,67,68,-1,70,69,74,-1,70,74,75,-1,74,76,75,-1,75,76,77,-1,75,77,78,-1,78,77,79,-1,78,79,80,-1,80,79,81,-1,80,81,82,-1,82,81,83,-1,84,85,83,-1,83,85,86,-1,83,86,82,-1,84,87,85,-1,85,87,88,-1,85,88,89,-1,89,88,90,-1,89,90,91,-1,91,90,92,-1,93,94,92,-1,92,94,95,-1,92,95,91,-1,93,96,94,-1,94,96,97,-1,94,97,98,-1,98,97,99,-1,98,99,100,-1,13,12,101,-1,100,99,102,-1,100,102,103,-1,103,102,104,-1,103,104,105,-1,105,104,106,-1,105,106,101,-1,101,106,107,-1,101,107,13,-1,54,56,75,-1,46,48,86,-1,86,48,82,-1,75,56,70,-1,91,44,89,-1,89,44,46,-1,89,46,85,-1,85,46,86,-1,56,58,70,-1,70,58,60,-1,70,60,72,-1,72,60,62,-1,72,62,67,-1,67,62,64,-1,67,64,66,-1,20,21,18,-1,18,21,24,-1,18,24,14,-1,14,24,26,-1,14,26,12,-1,12,26,28,-1,12,28,101,-1,101,28,30,-1,101,30,105,-1,105,30,32,-1,105,32,103,-1,103,32,34,-1,103,34,100,-1,100,34,36,-1,100,36,98,-1,98,36,38,-1,98,38,94,-1,94,38,95,-1,95,38,40,-1,95,40,91,-1,91,40,42,-1,91,42,44,-1,48,50,82,-1,82,50,52,-1,82,52,80,-1,80,52,54,-1,80,54,78,-1,78,54,75,-1,108,109,110,-1,110,109,111,-1,112,113,114,-1,114,113,108,-1,114,108,110,-1,115,113,116,-1,116,113,112,-1,115,116,117,-1,117,116,118,-1,117,118,119,-1,120,117,121,-1,121,117,119,-1,122,123,124,-1,124,123,120,-1,124,120,121,-1,125,123,126,-1,126,123,122,-1,125,126,127,-1,127,126,128,-1,127,128,129,-1,130,127,131,-1,131,127,129,-1,132,133,134,-1,134,133,130,-1,134,130,131,-1,135,133,136,-1,136,133,132,-1,135,136,109,-1,109,136,137,-1,109,137,111,-1,135,109,108,-1,108,113,135,-1,135,113,115,-1,135,115,133,-1,127,130,125,-1,125,130,133,-1,125,133,123,-1,123,133,115,-1,123,115,120,-1,120,115,117,-1,138,139,140,-1,140,139,141,-1,140,141,142,-1,142,141,143,-1,142,143,144,-1,144,143,145,-1,144,145,146,-1,146,145,147,-1,146,147,148,-1,148,147,149,-1,148,149,150,-1,149,151,150,-1,150,151,152,-1,150,152,153,-1,153,152,154,-1,153,154,155,-1,155,154,156,-1,155,156,157,-1,157,156,158,-1,157,158,159,-1,159,158,160,-1,159,160,161,-1,161,160,162,-1,161,162,163,-1,163,162,164,-1,163,164,165,-1,165,164,166,-1,165,166,167,-1,167,166,168,-1,167,168,169,-1,169,168,170,-1,169,170,171,-1,171,170,172,-1,171,172,138,-1,138,172,173,-1,138,173,139,-1,144,146,174,-1,174,146,175,-1,176,138,140,-1,144,174,177,-1,144,177,142,-1,142,177,178,-1,142,178,140,-1,140,178,179,-1,140,179,176,-1,138,176,180,-1,138,180,171,-1,171,180,181,-1,171,181,169,-1,169,181,182,-1,169,182,167,-1,167,182,183,-1,167,183,165,-1,165,183,184,-1,165,184,163,-1,163,184,185,-1,163,185,161,-1,161,185,186,-1,161,186,159,-1,159,186,187,-1,159,187,157,-1,188,150,153,-1,157,187,189,-1,157,189,155,-1,155,189,190,-1,155,190,153,-1,153,190,191,-1,153,191,188,-1,148,150,192,-1,192,150,188,-1,146,148,175,-1,175,148,192,-1,151,149,193,-1,193,149,194,-1,149,147,194,-1,194,147,195,-1,147,145,195,-1,195,145,196,-1,173,197,198,-1,173,198,139,-1,139,198,199,-1,139,199,141,-1,141,199,200,-1,141,200,143,-1,143,200,196,-1,143,196,145,-1,166,201,202,-1,166,202,168,-1,168,202,203,-1,168,203,170,-1,170,203,204,-1,170,204,172,-1,172,204,197,-1,172,197,173,-1,158,205,206,-1,158,206,160,-1,160,206,207,-1,160,207,162,-1,162,207,208,-1,162,208,164,-1,164,208,201,-1,164,201,166,-1,151,193,209,-1,151,209,152,-1,152,209,210,-1,152,210,154,-1,154,210,211,-1,154,211,156,-1,156,211,205,-1,156,205,158,-1,
        ]
    }
}
Shape{
    appearance Appearance {
        material  Material 	{
            diffuseColor 0.6666666666666666 0.6980392156862745 0.7686274509803922
            specularColor 0.3333333333333333 0.34901960784313724 0.3843137254901961
            ambientIntensity 0.6967
            transparency 0.0
            shininess 0.5
        }
    }
    geometry IndexedFaceSet {
        ccw TRUE
        solid FALSE
        coord DEF co Coordinate {
            point [
                0.2918 -0.1272 1.2441, 0.2969 -0.1236 1.2441, 0.2755 -0.0694 1.2441, 0.2624 -0.0694 1.2441, 0.2624 -0.1311 1.2441, 0.2745 -0.0694 1.2441, 0.2741 -0.1311 1.2441, 0.2852 -0.1298 1.2441, 0.2979 -0.1227 1.2441, 0.3016 -0.1181 1.2441, 0.3045 -0.1123 1.2441, 0.3064 -0.0994 1.2441, 0.2976 -0.0769 1.2441, 0.2925 -0.0734 1.2441, 0.3052 -0.0894 1.2441, 0.303 -0.0836 1.2441, 0.2999 -0.0791 1.2441, 0.3061 -0.105 1.2441, 0.2857 -0.0707 1.2441
            ]
        }
        coordIndex [
            0,1,2,-1,3,4,5,-1,5,4,6,-1,5,6,2,-1,2,6,7,-1,2,7,0,-1,1,8,2,-1,2,8,9,-1,2,9,10,-1,11,12,13,-1,14,15,11,-1,11,15,16,-1,11,16,12,-1,10,17,2,-1,2,17,11,-1,2,11,18,-1,18,11,13,-1,
        ]
    }
}
Shape{
    appearance Appearance {
        material  Material 	{
            diffuseColor 0.0 0.0 0.0
            specularColor 0.0 0.0 0.0
            ambientIntensity 0.0
            transparency 0.0
            shininess 0.5
        }
    }
    geometry IndexedFaceSet {
        ccw TRUE
        solid FALSE
        coord DEF co Coordinate {
            point [
                0.3441 -0.1093 1.248, 0.3409 -0.1183 1.248, 0.371 -0.1093 1.248, 0.3742 -0.1183 1.248, 0.3561 -0.076 1.248, 0.3522 -0.0601 1.248, 0.3217 -0.1402 1.248, 0.3332 -0.1402 1.248, 0.3568 -0.0736 1.248, 0.3574 -0.0704 1.248, 0.3633 -0.0601 1.248, 0.3577 -0.0704 1.248, 0.3583 -0.0738 1.248, 0.3589 -0.076 1.248, 0.3938 -0.1402 1.248, 0.3824 -0.1402 1.248, 0.3633 -0.0601 1.2441, 0.3938 -0.1402 1.2441, 0.3522 -0.0601 1.2441, 0.3217 -0.1402 1.2441, 0.3448 -0.0796 1.2441, 0.3332 -0.1402 1.2441, 0.3409 -0.1183 1.2441, 0.3742 -0.1183 1.2441, 0.3448 -0.1183 1.2441, 0.3824 -0.1402 1.2441, 0.3441 -0.1093 1.2441, 0.371 -0.1093 1.2441, 0.3589 -0.076 1.2441, 0.3577 -0.0704 1.2441, 0.3583 -0.0738 1.2441, 0.3574 -0.0704 1.2441, 0.3561 -0.076 1.2441, 0.3568 -0.0736 1.2441
            ]
        }
        coordIndex [
            0,1,2,-1,2,1,3,-1,4,5,0,-1,0,5,6,-1,0,6,1,-1,1,6,7,-1,4,8,5,-1,5,8,9,-1,5,9,10,-1,10,9,11,-1,10,11,12,-1,12,13,10,-1,10,13,2,-1,10,2,14,-1,14,2,3,-1,14,3,15,-1,10,14,16,-1,16,14,17,-1,5,10,18,-1,18,10,16,-1,19,6,20,-1,20,6,5,-1,20,5,18,-1,7,6,21,-1,21,6,19,-1,1,7,22,-1,22,7,21,-1,23,3,24,-1,24,3,1,-1,24,1,22,-1,15,3,25,-1,25,3,23,-1,14,15,17,-1,17,15,25,-1,0,2,26,-1,26,2,27,-1,2,13,27,-1,27,13,28,-1,11,29,30,-1,11,30,12,-1,12,30,28,-1,12,28,13,-1,11,9,29,-1,29,9,31,-1,4,32,33,-1,4,33,8,-1,8,33,31,-1,8,31,9,-1,4,0,32,-1,32,0,26,-1,
        ]
    }
}
Shape{
    appearance Appearance {
        material  Material 	{
            diffuseColor 0.6666666666666666 0.6980392156862745 0.7686274509803922
            specularColor 0.3333333333333333 0.34901960784313724 0.3843137254901961
            ambientIntensity 0.6967
            transparency 0.0
            shininess 0.5
        }
    }
    geometry IndexedFaceSet {
        ccw TRUE
        solid FALSE
        coord DEF co Coordinate {
            point [
                0.3577 -0.0704 1.2441, 0.3574 -0.0704 1.2441, 0.3583 -0.0738 1.2441, 0.3568 -0.0736 1.2441, 0.3589 -0.076 1.2441, 0.3561 -0.076 1.2441, 0.371 -0.1093 1.2441, 0.3441 -0.1093 1.2441
            ]
        }
        coordIndex [
            0,1,2,-1,2,1,3,-1,2,3,4,-1,4,3,5,-1,4,5,6,-1,6,5,7,-1,
        ]
    }
}
Shape{
    appearance Appearance {
        material  Material 	{
            diffuseColor 0.0 0.0 0.0
            specularColor 0.0 0.0 0.0
            ambientIntensity 0.0
            transparency 0.0
            shininess 0.5
        }
    }
    geometry IndexedFaceSet {
        ccw TRUE
        solid FALSE
        coord DEF co Coordinate {
            point [
                0.1155 -0.2581 1.248, 0.1155 -0.2672 1.248, 0.1155 -0.2581 1.2441, 0.1155 -0.2672 1.2441, 0.0828 -0.2581 1.248, 0.0828 -0.2581 1.2441, 0.0828 -0.2312 1.248, 0.0828 -0.2312 1.2441, 0.1114 -0.2312 1.248, 0.1114 -0.2312 1.2441, 0.1114 -0.222 1.248, 0.1114 -0.222 1.2441, 0.0828 -0.222 1.248, 0.0828 -0.222 1.2441, 0.0828 -0.1964 1.248, 0.0828 -0.1964 1.2441, 0.1137 -0.1964 1.248, 0.1137 -0.1964 1.2441, 0.1137 -0.1872 1.248, 0.1137 -0.1872 1.2441, 0.0724 -0.1872 1.248, 0.0724 -0.1872 1.2441, 0.0724 -0.2672 1.248, 0.0724 -0.2672 1.2441, 0.161 -0.2672 1.248, 0.1711 -0.2672 1.248, 0.161 -0.2584 1.248, 0.1711 -0.2304 1.248, 0.1476 -0.2403 1.248, 0.161 -0.2385 1.248, 0.161 -0.244 1.248, 0.1608 -0.2584 1.248, 0.1555 -0.2569 1.248, 0.1583 -0.2619 1.248, 0.1526 -0.2588 1.248, 0.161 -0.2447 1.248, 0.1604 -0.2492 1.248, 0.1589 -0.2527 1.248, 0.1567 -0.2557 1.248, 0.1369 -0.235 1.248, 0.1325 -0.2371 1.248, 0.1388 -0.2431 1.248, 0.1379 -0.2439 1.248, 0.161 -0.2309 1.248, 0.1607 -0.2264 1.248, 0.1703 -0.2232 1.248, 0.1596 -0.2229 1.248, 0.1688 -0.2185 1.248, 0.1585 -0.2208 1.248, 0.1668 -0.2152 1.248, 0.1569 -0.2192 1.248, 0.1641 -0.2126 1.248, 0.1552 -0.2181 1.248, 0.1608 -0.2106 1.248, 0.1528 -0.2172 1.248, 0.1567 -0.2093 1.248, 0.1494 -0.2169 1.248, 0.1504 -0.2087 1.248, 0.1428 -0.2177 1.248, 0.1402 -0.21 1.248, 0.1365 -0.22 1.248, 0.1328 -0.2129 1.248, 0.1307 -0.2238 1.248, 0.1307 -0.2141 1.248, 0.1367 -0.2453 1.248, 0.1293 -0.2398 1.248, 0.1359 -0.2472 1.248, 0.1273 -0.2426 1.248, 0.1354 -0.2495 1.248, 0.1373 -0.2569 1.248, 0.13 -0.2641 1.248, 0.1382 -0.2578 1.248, 0.1334 -0.2664 1.248, 0.1402 -0.2591 1.248, 0.1372 -0.2679 1.248, 0.1424 -0.26 1.248, 0.1432 -0.2686 1.248, 0.1458 -0.2604 1.248, 0.1489 -0.2679 1.248, 0.1496 -0.2599 1.248, 0.1529 -0.2663 1.248, 0.155 -0.265 1.248, 0.1409 -0.242 1.248, 0.1441 -0.2333 1.248, 0.1258 -0.2461 1.248, 0.1251 -0.2504 1.248, 0.1353 -0.2511 1.248, 0.1251 -0.2519 1.248, 0.1355 -0.2534 1.248, 0.1256 -0.2565 1.248, 0.1362 -0.2552 1.248, 0.1268 -0.2599 1.248, 0.1289 -0.263 1.248, 0.1504 -0.2087 1.2441, 0.1402 -0.21 1.2441, 0.1328 -0.2129 1.2441, 0.1307 -0.2141 1.2441, 0.1307 -0.2238 1.2441, 0.1365 -0.22 1.2441, 0.1428 -0.2177 1.2441, 0.1494 -0.2169 1.2441, 0.1528 -0.2172 1.2441, 0.1552 -0.2181 1.2441, 0.1569 -0.2192 1.2441, 0.1585 -0.2208 1.2441, 0.1596 -0.2229 1.2441, 0.1607 -0.2264 1.2441, 0.161 -0.2309 1.2441, 0.1441 -0.2333 1.2441, 0.1369 -0.235 1.2441, 0.1325 -0.2371 1.2441, 0.1293 -0.2398 1.2441, 0.1273 -0.2426 1.2441, 0.1258 -0.2461 1.2441, 0.1251 -0.2504 1.2441, 0.1251 -0.2519 1.2441, 0.1256 -0.2565 1.2441, 0.1268 -0.2599 1.2441, 0.1289 -0.263 1.2441, 0.13 -0.2641 1.2441, 0.1432 -0.2686 1.2441, 0.1374 -0.2679 1.2441, 0.1372 -0.2679 1.2441, 0.1334 -0.2664 1.2441, 0.1488 -0.2679 1.2441, 0.1489 -0.2679 1.2441, 0.1529 -0.2663 1.2441, 0.155 -0.265 1.2441, 0.1583 -0.2619 1.2441, 0.1608 -0.2584 1.2441, 0.161 -0.2584 1.2441, 0.161 -0.2672 1.2441, 0.1711 -0.2672 1.2441, 0.1711 -0.2304 1.2441, 0.1703 -0.2232 1.2441, 0.1688 -0.2185 1.2441, 0.1668 -0.2152 1.2441, 0.1641 -0.2126 1.2441, 0.1608 -0.2106 1.2441, 0.1567 -0.2093 1.2441, 0.1379 -0.2439 1.2441, 0.1388 -0.2431 1.2441, 0.1409 -0.242 1.2441, 0.1476 -0.2403 1.2441, 0.1353 -0.2511 1.2441, 0.1354 -0.2495 1.2441, 0.1359 -0.2472 1.2441, 0.1367 -0.2453 1.2441, 0.1382 -0.2578 1.2441, 0.1373 -0.2569 1.2441, 0.1362 -0.2552 1.2441, 0.1355 -0.2534 1.2441, 0.1458 -0.2604 1.2441, 0.1424 -0.26 1.2441, 0.1402 -0.2591 1.2441, 0.1567 -0.2557 1.2441, 0.1555 -0.2569 1.2441, 0.1526 -0.2588 1.2441, 0.1496 -0.2599 1.2441, 0.161 -0.244 1.2441, 0.161 -0.2447 1.2441, 0.1604 -0.2492 1.2441, 0.1589 -0.2527 1.2441, 0.161 -0.2385 1.2441
            ]
        }
        coordIndex [
            0,1,2,-1,2,1,3,-1,4,0,5,-1,5,0,2,-1,6,4,7,-1,7,4,5,-1,8,6,9,-1,9,6,7,-1,10,8,11,-1,11,8,9,-1,12,10,13,-1,13,10,11,-1,14,12,15,-1,15,12,13,-1,16,14,17,-1,17,14,15,-1,18,16,19,-1,19,16,17,-1,20,18,21,-1,21,18,19,-1,22,20,23,-1,23,20,21,-1,1,22,3,-1,3,22,23,-1,22,1,0,-1,0,4,22,-1,22,4,6,-1,22,6,20,-1,16,18,14,-1,14,18,20,-1,14,20,12,-1,12,20,6,-1,12,6,10,-1,10,6,8,-1,24,25,26,-1,26,25,27,-1,28,29,27,-1,27,29,30,-1,31,32,33,-1,33,32,34,-1,30,35,27,-1,27,35,36,-1,27,36,26,-1,26,36,37,-1,26,37,31,-1,31,37,38,-1,31,38,32,-1,39,40,41,-1,41,40,42,-1,43,27,44,-1,44,27,45,-1,44,45,46,-1,46,45,47,-1,46,47,48,-1,48,47,49,-1,48,49,50,-1,50,49,51,-1,50,51,52,-1,52,51,53,-1,52,53,54,-1,54,53,55,-1,54,55,56,-1,56,55,57,-1,56,57,58,-1,58,57,59,-1,58,59,60,-1,60,59,61,-1,60,61,62,-1,62,61,63,-1,42,40,64,-1,64,40,65,-1,64,65,66,-1,66,65,67,-1,66,67,68,-1,69,70,71,-1,71,70,72,-1,71,72,73,-1,73,72,74,-1,73,74,75,-1,75,74,76,-1,75,76,77,-1,77,76,78,-1,77,78,79,-1,79,78,80,-1,79,80,34,-1,34,80,81,-1,34,81,33,-1,28,27,82,-1,82,27,43,-1,82,43,41,-1,41,43,83,-1,41,83,39,-1,67,84,68,-1,68,84,85,-1,68,85,86,-1,86,85,87,-1,86,87,88,-1,88,87,89,-1,88,89,90,-1,90,89,91,-1,90,91,69,-1,69,91,92,-1,69,92,70,-1,57,93,94,-1,57,94,59,-1,59,94,95,-1,59,95,61,-1,61,95,96,-1,61,96,63,-1,62,63,97,-1,97,63,96,-1,62,97,98,-1,62,98,60,-1,60,98,99,-1,60,99,58,-1,58,99,100,-1,58,100,56,-1,56,100,101,-1,56,101,54,-1,54,101,102,-1,54,102,52,-1,52,102,103,-1,52,103,50,-1,50,103,104,-1,50,104,48,-1,48,104,105,-1,48,105,46,-1,46,105,106,-1,46,106,44,-1,44,106,107,-1,44,107,43,-1,83,43,108,-1,108,43,107,-1,83,108,109,-1,83,109,39,-1,39,109,110,-1,39,110,40,-1,40,110,111,-1,40,111,65,-1,65,111,112,-1,65,112,67,-1,67,112,113,-1,67,113,84,-1,84,113,114,-1,84,114,85,-1,85,114,115,-1,85,115,87,-1,87,115,116,-1,87,116,89,-1,89,116,117,-1,89,117,91,-1,91,117,118,-1,91,118,92,-1,92,118,119,-1,92,119,70,-1,120,76,121,-1,121,76,74,-1,121,74,122,-1,122,74,72,-1,122,72,123,-1,123,72,70,-1,123,70,119,-1,120,124,76,-1,76,124,78,-1,124,125,78,-1,78,125,126,-1,78,126,80,-1,80,126,127,-1,80,127,81,-1,81,127,128,-1,81,128,33,-1,33,128,129,-1,33,129,31,-1,26,31,130,-1,130,31,129,-1,24,26,131,-1,131,26,130,-1,25,24,132,-1,132,24,131,-1,27,25,133,-1,133,25,132,-1,27,133,134,-1,27,134,45,-1,45,134,135,-1,45,135,47,-1,47,135,136,-1,47,136,49,-1,49,136,137,-1,49,137,51,-1,51,137,138,-1,51,138,53,-1,53,138,139,-1,53,139,55,-1,55,139,93,-1,55,93,57,-1,42,140,141,-1,42,141,41,-1,41,141,142,-1,41,142,82,-1,82,142,143,-1,82,143,28,-1,86,144,145,-1,86,145,68,-1,68,145,146,-1,68,146,66,-1,66,146,147,-1,66,147,64,-1,64,147,140,-1,64,140,42,-1,71,148,149,-1,71,149,69,-1,69,149,150,-1,69,150,90,-1,90,150,151,-1,90,151,88,-1,88,151,144,-1,88,144,86,-1,77,152,153,-1,77,153,75,-1,75,153,154,-1,75,154,73,-1,73,154,148,-1,73,148,71,-1,38,155,156,-1,38,156,32,-1,32,156,157,-1,32,157,34,-1,34,157,158,-1,34,158,79,-1,79,158,152,-1,79,152,77,-1,30,159,160,-1,30,160,35,-1,35,160,161,-1,35,161,36,-1,36,161,162,-1,36,162,37,-1,37,162,155,-1,37,155,38,-1,30,29,159,-1,159,29,163,-1,29,28,163,-1,163,28,143,-1,
        ]
    }
}
Shape{
    appearance Appearance {
        material  Material 	{
            diffuseColor 0.6666666666666666 0.6980392156862745 0.7686274509803922
            specularColor 0.3333333333333333 0.34901960784313724 0.3843137254901961
            ambientIntensity 0.6967
            transparency 0.0
            shininess 0.5
        }
    }
    geometry IndexedFaceSet {
        ccw TRUE
        solid FALSE
        coord DEF co Coordinate {
            point [
                0.161 -0.2447 1.2441, 0.161 -0.244 1.2441, 0.1379 -0.2439 1.2441, 0.161 -0.2385 1.2441, 0.1476 -0.2403 1.2441, 0.1409 -0.242 1.2441, 0.1388 -0.2431 1.2441, 0.1604 -0.2492 1.2441, 0.1367 -0.2453 1.2441, 0.1589 -0.2527 1.2441, 0.1373 -0.2569 1.2441, 0.1382 -0.2578 1.2441, 0.1555 -0.2569 1.2441, 0.1362 -0.2552 1.2441, 0.1526 -0.2588 1.2441, 0.1496 -0.2599 1.2441, 0.1458 -0.2604 1.2441, 0.1359 -0.2472 1.2441, 0.1354 -0.2495 1.2441, 0.1567 -0.2557 1.2441, 0.1353 -0.2511 1.2441, 0.1355 -0.2534 1.2441, 0.1402 -0.2591 1.2441, 0.1424 -0.26 1.2441
            ]
        }
        coordIndex [
            0,1,2,-1,1,3,4,-1,4,5,1,-1,1,5,6,-1,1,6,2,-1,0,2,7,-1,7,2,8,-1,7,8,9,-1,10,11,12,-1,10,12,13,-1,14,12,15,-1,15,12,16,-1,8,17,9,-1,9,17,18,-1,9,18,19,-1,19,18,20,-1,19,20,12,-1,12,20,21,-1,12,21,13,-1,11,22,12,-1,12,22,23,-1,12,23,16,-1,
        ]
    }
}
Shape{
    appearance Appearance {
        material  Material 	{
            diffuseColor 0.0 0.0 0.0
            specularColor 0.0 0.0 0.0
            ambientIntensity 0.0
            transparency 0.0
            shininess 0.5
        }
    }
    geometry IndexedFaceSet {
        ccw TRUE
        solid FALSE
        coord DEF co Coordinate {
            point [
                0.1846 -0.2549 1.2441, 0.1846 -0.2549 1.248, 0.1887 -0.2574 1.248, 0.2011 -0.2604 1.248, 0.2011 -0.2604 1.2441, 0.195 -0.2597 1.2441, 0.195 -0.2597 1.248, 0.1893 -0.2576 1.2441, 0.1887 -0.2574 1.2441, 0.1846 -0.2652 1.248, 0.1846 -0.2652 1.2441, 0.1893 -0.2669 1.2441, 0.1907 -0.2675 1.248, 0.2002 -0.2686 1.2441, 0.2002 -0.2686 1.248, 0.1945 -0.2679 1.2441, 0.1907 -0.2675 1.2441, 0.2091 -0.2675 1.248, 0.2059 -0.2679 1.2441, 0.2091 -0.2675 1.2441, 0.2144 -0.2655 1.2441, 0.2144 -0.2655 1.248, 0.2168 -0.264 1.2441, 0.2168 -0.264 1.248, 0.2197 -0.2615 1.2441, 0.2197 -0.2615 1.248, 0.2216 -0.2589 1.2441, 0.2216 -0.2589 1.248, 0.2228 -0.2557 1.2441, 0.2228 -0.2557 1.248, 0.2233 -0.2517 1.2441, 0.2233 -0.2517 1.248, 0.2228 -0.2479 1.2441, 0.2228 -0.2479 1.248, 0.2218 -0.245 1.2441, 0.2218 -0.245 1.248, 0.2199 -0.2422 1.2441, 0.2199 -0.2422 1.248, 0.2175 -0.2401 1.2441, 0.2175 -0.2401 1.248, 0.2109 -0.2364 1.2441, 0.2109 -0.2364 1.248, 0.207 -0.2348 1.2441, 0.207 -0.2348 1.248, 0.2008 -0.2321 1.2441, 0.2008 -0.2321 1.248, 0.1972 -0.2299 1.2441, 0.1972 -0.2299 1.248, 0.1963 -0.2288 1.2441, 0.1963 -0.2288 1.248, 0.1955 -0.2275 1.2441, 0.1955 -0.2275 1.248, 0.1951 -0.2259 1.2441, 0.1951 -0.2259 1.248, 0.195 -0.2246 1.2441, 0.195 -0.2246 1.248, 0.1952 -0.223 1.2441, 0.1952 -0.223 1.248, 0.1957 -0.2216 1.2441, 0.1957 -0.2216 1.248, 0.1966 -0.2204 1.2441, 0.1966 -0.2204 1.248, 0.1981 -0.219 1.2441, 0.1981 -0.219 1.248, 0.2003 -0.2178 1.2441, 0.2003 -0.2178 1.248, 0.203 -0.2171 1.2441, 0.203 -0.2171 1.248, 0.206 -0.2169 1.2441, 0.206 -0.2169 1.248, 0.2123 -0.2176 1.2441, 0.2123 -0.2176 1.248, 0.218 -0.2196 1.2441, 0.218 -0.2196 1.248, 0.2205 -0.221 1.2441, 0.2205 -0.221 1.248, 0.2205 -0.2113 1.248, 0.2205 -0.2113 1.2441, 0.214 -0.2094 1.2441, 0.214 -0.2094 1.248, 0.207 -0.2087 1.2441, 0.207 -0.2087 1.248, 0.2 -0.2094 1.2441, 0.2 -0.2094 1.248, 0.1945 -0.2113 1.2441, 0.1945 -0.2113 1.248, 0.1911 -0.2133 1.2441, 0.1911 -0.2133 1.248, 0.1893 -0.2149 1.2441, 0.1882 -0.216 1.248, 0.1882 -0.216 1.2441, 0.1863 -0.2187 1.2441, 0.1863 -0.2187 1.248, 0.1851 -0.2219 1.2441, 0.1851 -0.2219 1.248, 0.1847 -0.2255 1.2441, 0.1847 -0.2255 1.248, 0.1851 -0.2294 1.2441, 0.1851 -0.2294 1.248, 0.1862 -0.2324 1.2441, 0.1862 -0.2324 1.248, 0.1875 -0.2345 1.2441, 0.1875 -0.2345 1.248, 0.1999 -0.2421 1.2441, 0.1999 -0.2421 1.248, 0.1939 -0.2394 1.248, 0.1892 -0.2362 1.2441, 0.1892 -0.2362 1.248, 0.1893 -0.2363 1.2441, 0.1939 -0.2394 1.2441, 0.2065 -0.2449 1.2441, 0.2065 -0.2449 1.248, 0.2104 -0.2472 1.2441, 0.2104 -0.2472 1.248, 0.2116 -0.2485 1.2441, 0.2116 -0.2485 1.248, 0.2124 -0.2498 1.2441, 0.2124 -0.2498 1.248, 0.2129 -0.2514 1.2441, 0.2129 -0.2514 1.248, 0.213 -0.2527 1.2441, 0.213 -0.2527 1.248, 0.2128 -0.2546 1.2441, 0.2128 -0.2546 1.248, 0.2123 -0.256 1.2441, 0.2123 -0.256 1.248, 0.2114 -0.2573 1.2441, 0.2114 -0.2573 1.248, 0.2102 -0.2583 1.2441, 0.2102 -0.2583 1.248, 0.2093 -0.2589 1.2441, 0.2093 -0.2589 1.248, 0.2067 -0.2598 1.2441, 0.2067 -0.2598 1.248, 0.2016 -0.2604 1.2441, 0.2016 -0.2604 1.248, 0.273 -0.21 1.248, 0.2834 -0.21 1.248, 0.273 -0.21 1.2441, 0.2834 -0.21 1.2441, 0.2574 -0.2531 1.248, 0.2574 -0.2531 1.2441, 0.2566 -0.2558 1.2441, 0.2566 -0.2558 1.248, 0.2561 -0.2577 1.2441, 0.2561 -0.2577 1.248, 0.2559 -0.2577 1.248, 0.2559 -0.2577 1.2441, 0.2546 -0.253 1.248, 0.2546 -0.253 1.2441, 0.2397 -0.21 1.2441, 0.2397 -0.21 1.248, 0.2445 -0.224 1.2441, 0.2285 -0.21 1.248, 0.2285 -0.21 1.2441, 0.2509 -0.2671 1.2441, 0.2509 -0.2671 1.248, 0.2445 -0.2509 1.2441, 0.2465 -0.2775 1.2441, 0.2465 -0.2775 1.248, 0.2506 -0.2679 1.2441, 0.2445 -0.2811 1.2441, 0.2445 -0.2812 1.248, 0.2445 -0.2812 1.2441, 0.2426 -0.2832 1.2441, 0.2426 -0.2832 1.248, 0.241 -0.2844 1.2441, 0.241 -0.2844 1.248, 0.2388 -0.2853 1.2441, 0.2388 -0.2853 1.248, 0.2362 -0.2856 1.2441, 0.2362 -0.2856 1.248, 0.2326 -0.2851 1.2441, 0.2326 -0.2851 1.248, 0.2306 -0.2844 1.2441, 0.2306 -0.2844 1.248, 0.2306 -0.2934 1.248, 0.2306 -0.2934 1.2441, 0.2348 -0.2941 1.2441, 0.2348 -0.2941 1.248, 0.237 -0.2942 1.2441, 0.237 -0.2942 1.248, 0.2411 -0.2937 1.2441, 0.2411 -0.2937 1.248, 0.2445 -0.2924 1.2441, 0.245 -0.2922 1.248, 0.245 -0.2922 1.2441, 0.2485 -0.2897 1.2441, 0.2485 -0.2897 1.248, 0.2492 -0.2891 1.2441, 0.2492 -0.2891 1.248, 0.2529 -0.2847 1.2441, 0.2529 -0.2847 1.248, 0.2574 -0.2759 1.2441, 0.2574 -0.2759 1.248, 0.2606 -0.2679 1.2441, 0.3372 -0.2581 1.248, 0.3372 -0.2672 1.248, 0.3372 -0.2581 1.2441, 0.3372 -0.2672 1.2441, 0.3045 -0.2581 1.2441, 0.3045 -0.2581 1.248, 0.3195 -0.2581 1.2441, 0.3045 -0.2312 1.248, 0.3045 -0.2312 1.2441, 0.3332 -0.2312 1.2441, 0.3332 -0.2312 1.248, 0.3195 -0.2312 1.2441, 0.3332 -0.222 1.248, 0.3332 -0.222 1.2441, 0.3045 -0.222 1.2441, 0.3045 -0.222 1.248, 0.3195 -0.222 1.2441, 0.3045 -0.1964 1.248, 0.3045 -0.1964 1.2441, 0.3354 -0.1964 1.2441, 0.3354 -0.1964 1.248, 0.3195 -0.1964 1.2441, 0.3354 -0.1872 1.248, 0.3354 -0.1872 1.2441, 0.2942 -0.1872 1.2441, 0.2942 -0.1872 1.248, 0.3195 -0.1872 1.2441, 0.2942 -0.2672 1.248, 0.2942 -0.2672 1.2441, 0.3195 -0.2672 1.2441, 0.4055 -0.256 1.248, 0.3972 -0.2506 1.248, 0.3971 -0.262 1.248, 0.392 -0.2542 1.248, 0.388 -0.2656 1.248, 0.3854 -0.2568 1.248, 0.3744 -0.2672 1.248, 0.3743 -0.2581 1.248, 0.3524 -0.2672 1.248, 0.3627 -0.2581 1.248, 0.3524 -0.1872 1.248, 0.3627 -0.1964 1.248, 0.3752 -0.1872 1.248, 0.3748 -0.1964 1.248, 0.3757 -0.1964 1.248, 0.3874 -0.1885 1.248, 0.3859 -0.1977 1.248, 0.3971 -0.192 1.248, 0.3927 -0.2004 1.248, 0.4055 -0.1978 1.248, 0.3979 -0.2039 1.248, 0.4083 -0.2005 1.248, 0.4002 -0.2061 1.248, 0.4133 -0.2075 1.248, 0.4033 -0.2106 1.248, 0.4162 -0.2152 1.248, 0.4055 -0.2164 1.248, 0.4176 -0.2262 1.248, 0.4067 -0.2265 1.248, 0.4173 -0.2313 1.248, 0.4064 -0.2321 1.248, 0.4154 -0.2407 1.248, 0.4047 -0.2393 1.248, 0.4114 -0.2489 1.248, 0.4019 -0.2452 1.248, 0.3981 -0.2498 1.248, 0.3744 -0.2672 1.2441, 0.3524 -0.2672 1.2441, 0.388 -0.2656 1.2441, 0.3971 -0.262 1.2441, 0.4055 -0.256 1.2441, 0.4114 -0.2489 1.2441, 0.4154 -0.2407 1.2441, 0.4173 -0.2313 1.2441, 0.4176 -0.2262 1.2441, 0.4162 -0.2152 1.2441, 0.4133 -0.2075 1.2441, 0.4083 -0.2005 1.2441, 0.4055 -0.1978 1.2441, 0.3971 -0.192 1.2441, 0.3874 -0.1885 1.2441, 0.3752 -0.1872 1.2441, 0.3524 -0.1872 1.2441, 0.3748 -0.1964 1.2441, 0.3627 -0.1964 1.2441, 0.3627 -0.2581 1.2441, 0.3743 -0.2581 1.2441, 0.3981 -0.2498 1.2441, 0.3972 -0.2506 1.2441, 0.392 -0.2542 1.2441, 0.3854 -0.2568 1.2441, 0.4067 -0.2265 1.2441, 0.4064 -0.2321 1.2441, 0.4047 -0.2393 1.2441, 0.4019 -0.2452 1.2441, 0.3979 -0.2039 1.2441, 0.4002 -0.2061 1.2441, 0.4033 -0.2106 1.2441, 0.4055 -0.2164 1.2441, 0.3757 -0.1964 1.2441, 0.3859 -0.1977 1.2441, 0.3927 -0.2004 1.2441
            ]
        }
        coordIndex [
            0,1,2,-1,3,4,5,-1,3,5,6,-1,6,5,7,-1,6,7,2,-1,2,7,8,-1,2,8,0,-1,9,1,10,-1,10,1,0,-1,10,11,9,-1,9,11,12,-1,13,14,15,-1,15,14,12,-1,15,12,16,-1,16,12,11,-1,14,13,17,-1,17,13,18,-1,18,19,17,-1,17,19,20,-1,17,20,21,-1,21,20,22,-1,21,22,23,-1,23,22,24,-1,23,24,25,-1,25,24,26,-1,25,26,27,-1,27,26,28,-1,27,28,29,-1,29,28,30,-1,29,30,31,-1,31,30,32,-1,31,32,33,-1,33,32,34,-1,33,34,35,-1,35,34,36,-1,35,36,37,-1,37,36,38,-1,37,38,39,-1,39,38,40,-1,39,40,41,-1,41,40,42,-1,41,42,43,-1,43,42,44,-1,43,44,45,-1,45,44,46,-1,45,46,47,-1,47,46,48,-1,47,48,49,-1,49,48,50,-1,49,50,51,-1,51,50,52,-1,51,52,53,-1,53,52,54,-1,53,54,55,-1,55,54,56,-1,55,56,57,-1,57,56,58,-1,57,58,59,-1,59,58,60,-1,59,60,61,-1,61,60,62,-1,61,62,63,-1,63,62,64,-1,63,64,65,-1,65,64,66,-1,65,66,67,-1,67,66,68,-1,67,68,69,-1,69,68,70,-1,69,70,71,-1,71,70,72,-1,71,72,73,-1,73,72,74,-1,73,74,75,-1,76,75,77,-1,77,75,74,-1,76,77,78,-1,76,78,79,-1,79,78,80,-1,79,80,81,-1,81,80,82,-1,81,82,83,-1,83,82,84,-1,83,84,85,-1,85,84,86,-1,85,86,87,-1,86,88,87,-1,87,88,89,-1,88,90,89,-1,89,90,91,-1,89,91,92,-1,92,91,93,-1,92,93,94,-1,94,93,95,-1,94,95,96,-1,96,95,97,-1,96,97,98,-1,98,97,99,-1,98,99,100,-1,100,99,101,-1,100,101,102,-1,103,104,105,-1,102,101,106,-1,102,106,107,-1,107,106,108,-1,107,108,105,-1,105,108,109,-1,105,109,103,-1,104,103,110,-1,104,110,111,-1,111,110,112,-1,111,112,113,-1,113,112,114,-1,113,114,115,-1,115,114,116,-1,115,116,117,-1,117,116,118,-1,117,118,119,-1,119,118,120,-1,119,120,121,-1,121,120,122,-1,121,122,123,-1,123,122,124,-1,123,124,125,-1,125,124,126,-1,125,126,127,-1,127,126,128,-1,127,128,129,-1,129,128,130,-1,129,130,131,-1,131,130,132,-1,131,132,133,-1,133,132,134,-1,133,134,135,-1,135,134,4,-1,135,4,3,-1,61,63,85,-1,85,63,83,-1,111,43,104,-1,104,43,45,-1,21,23,127,-1,127,23,25,-1,127,25,125,-1,125,25,27,-1,125,27,123,-1,123,27,29,-1,123,29,121,-1,121,29,31,-1,121,31,119,-1,119,31,33,-1,119,33,117,-1,117,33,35,-1,117,35,115,-1,115,35,37,-1,115,37,113,-1,113,37,39,-1,113,39,111,-1,111,39,41,-1,111,41,43,-1,14,3,12,-1,12,3,6,-1,12,6,9,-1,9,6,2,-1,9,2,1,-1,63,65,83,-1,83,65,67,-1,83,67,81,-1,81,67,69,-1,81,69,79,-1,79,69,71,-1,79,71,76,-1,76,71,73,-1,76,73,75,-1,127,129,21,-1,21,129,131,-1,21,131,17,-1,17,131,133,-1,17,133,14,-1,14,133,135,-1,14,135,3,-1,85,87,61,-1,61,87,89,-1,61,89,59,-1,59,89,92,-1,59,92,57,-1,57,92,94,-1,57,94,55,-1,55,94,96,-1,55,96,53,-1,53,96,98,-1,53,98,51,-1,51,98,100,-1,51,100,49,-1,49,100,102,-1,49,102,47,-1,47,102,107,-1,47,107,45,-1,45,107,105,-1,45,105,104,-1,136,137,138,-1,138,137,139,-1,140,136,141,-1,141,136,138,-1,140,141,142,-1,140,142,143,-1,143,142,144,-1,143,144,145,-1,146,145,147,-1,147,145,144,-1,148,146,149,-1,149,146,147,-1,150,151,152,-1,152,151,148,-1,152,148,149,-1,153,151,154,-1,154,151,150,-1,155,156,157,-1,157,156,153,-1,157,153,154,-1,158,159,160,-1,160,159,156,-1,160,156,155,-1,158,161,159,-1,159,161,162,-1,161,163,162,-1,162,163,164,-1,162,164,165,-1,165,164,166,-1,165,166,167,-1,167,166,168,-1,167,168,169,-1,169,168,170,-1,169,170,171,-1,171,170,172,-1,171,172,173,-1,173,172,174,-1,173,174,175,-1,176,175,177,-1,177,175,174,-1,176,177,178,-1,176,178,179,-1,179,178,180,-1,179,180,181,-1,181,180,182,-1,181,182,183,-1,183,182,184,-1,183,184,185,-1,184,186,185,-1,185,186,187,-1,185,187,188,-1,188,187,189,-1,188,189,190,-1,190,189,191,-1,190,191,192,-1,192,191,193,-1,192,193,194,-1,139,137,195,-1,195,137,194,-1,195,194,193,-1,143,145,194,-1,137,136,194,-1,194,136,140,-1,194,140,143,-1,151,153,148,-1,148,153,156,-1,148,156,146,-1,175,176,173,-1,173,176,179,-1,173,179,171,-1,171,179,181,-1,171,181,169,-1,169,181,183,-1,169,183,167,-1,167,183,185,-1,167,185,165,-1,145,146,194,-1,194,146,156,-1,194,156,192,-1,156,159,192,-1,192,159,162,-1,192,162,190,-1,190,162,165,-1,190,165,188,-1,188,165,185,-1,196,197,198,-1,198,197,199,-1,200,201,202,-1,202,201,196,-1,202,196,198,-1,203,201,204,-1,204,201,200,-1,205,206,207,-1,207,206,203,-1,207,203,204,-1,208,206,209,-1,209,206,205,-1,210,211,212,-1,212,211,208,-1,212,208,209,-1,213,211,214,-1,214,211,210,-1,215,216,217,-1,217,216,213,-1,217,213,214,-1,218,216,219,-1,219,216,215,-1,220,221,222,-1,222,221,218,-1,222,218,219,-1,223,221,224,-1,224,221,220,-1,199,197,225,-1,225,197,223,-1,225,223,224,-1,223,197,196,-1,196,201,223,-1,223,201,203,-1,223,203,221,-1,216,218,213,-1,213,218,221,-1,213,221,211,-1,211,221,203,-1,211,203,208,-1,208,203,206,-1,226,227,228,-1,228,227,229,-1,228,229,230,-1,230,229,231,-1,230,231,232,-1,232,231,233,-1,232,233,234,-1,234,233,235,-1,234,235,236,-1,236,235,237,-1,236,237,238,-1,237,239,238,-1,238,239,240,-1,238,240,241,-1,241,240,242,-1,241,242,243,-1,243,242,244,-1,243,244,245,-1,245,244,246,-1,245,246,247,-1,247,246,248,-1,247,248,249,-1,249,248,250,-1,249,250,251,-1,251,250,252,-1,251,252,253,-1,253,252,254,-1,253,254,255,-1,255,254,256,-1,255,256,257,-1,257,256,258,-1,257,258,259,-1,259,258,260,-1,259,260,226,-1,226,260,261,-1,226,261,227,-1,232,234,262,-1,262,234,263,-1,232,262,264,-1,232,264,230,-1,230,264,265,-1,230,265,228,-1,228,265,266,-1,228,266,226,-1,226,266,267,-1,226,267,259,-1,259,267,268,-1,259,268,257,-1,257,268,269,-1,257,269,255,-1,255,269,270,-1,255,270,253,-1,253,270,271,-1,253,271,251,-1,251,271,272,-1,251,272,249,-1,249,272,273,-1,249,273,247,-1,247,273,274,-1,247,274,245,-1,245,274,275,-1,245,275,243,-1,243,275,276,-1,243,276,241,-1,241,276,277,-1,241,277,238,-1,236,238,278,-1,278,238,277,-1,234,236,263,-1,263,236,278,-1,239,237,279,-1,279,237,280,-1,237,235,280,-1,280,235,281,-1,235,233,281,-1,281,233,282,-1,261,283,284,-1,261,284,227,-1,227,284,285,-1,227,285,229,-1,229,285,286,-1,229,286,231,-1,231,286,282,-1,231,282,233,-1,254,287,288,-1,254,288,256,-1,256,288,289,-1,256,289,258,-1,258,289,290,-1,258,290,260,-1,260,290,283,-1,260,283,261,-1,246,291,292,-1,246,292,248,-1,248,292,293,-1,248,293,250,-1,250,293,294,-1,250,294,252,-1,252,294,287,-1,252,287,254,-1,239,279,295,-1,239,295,240,-1,240,295,296,-1,240,296,242,-1,242,296,297,-1,242,297,244,-1,244,297,291,-1,244,291,246,-1,
        ]
    }
}
Shape{
    appearance Appearance {
        material  Material 	{
            diffuseColor 0.6666666666666666 0.6980392156862745 0.7686274509803922
            specularColor 0.3333333333333333 0.34901960784313724 0.3843137254901961
            ambientIntensity 0.6967
            transparency 0.0
            shininess 0.5
        }
    }
    geometry IndexedFaceSet {
        ccw TRUE
        solid FALSE
        coord DEF co Coordinate {
            point [
                0.392 -0.2542 1.2441, 0.3972 -0.2506 1.2441, 0.3757 -0.1964 1.2441, 0.3627 -0.1964 1.2441, 0.3627 -0.2581 1.2441, 0.3748 -0.1964 1.2441, 0.3743 -0.2581 1.2441, 0.3854 -0.2568 1.2441, 0.3981 -0.2498 1.2441, 0.4019 -0.2452 1.2441, 0.4047 -0.2393 1.2441, 0.4067 -0.2265 1.2441, 0.3979 -0.2039 1.2441, 0.3927 -0.2004 1.2441, 0.4055 -0.2164 1.2441, 0.4033 -0.2106 1.2441, 0.4002 -0.2061 1.2441, 0.4064 -0.2321 1.2441, 0.3859 -0.1977 1.2441
            ]
        }
        coordIndex [
            0,1,2,-1,3,4,5,-1,5,4,6,-1,5,6,2,-1,2,6,7,-1,2,7,0,-1,1,8,2,-1,2,8,9,-1,2,9,10,-1,11,12,13,-1,14,15,11,-1,11,15,16,-1,11,16,12,-1,10,17,2,-1,2,17,11,-1,2,11,18,-1,18,11,13,-1,
        ]
    }
}
Shape{
    appearance Appearance {
        material  Material 	{
            diffuseColor 0.0 0.0 0.0
            specularColor 0.0 0.0 0.0
            ambientIntensity 0.0
            transparency 0.0
            shininess 0.5
        }
    }
    geometry IndexedFaceSet {
        ccw TRUE
        solid FALSE
        coord DEF co Coordinate {
            point [
                0.4444 -0.2363 1.248, 0.4411 -0.2453 1.248, 0.4713 -0.2363 1.248, 0.4745 -0.2453 1.248, 0.4564 -0.203 1.248, 0.4525 -0.1872 1.248, 0.422 -0.2672 1.248, 0.4334 -0.2672 1.248, 0.4571 -0.2006 1.248, 0.4577 -0.1974 1.248, 0.4636 -0.1872 1.248, 0.4579 -0.1974 1.248, 0.4586 -0.2008 1.248, 0.4592 -0.203 1.248, 0.4941 -0.2672 1.248, 0.4826 -0.2672 1.248, 0.4636 -0.1872 1.2441, 0.4941 -0.2672 1.2441, 0.4525 -0.1872 1.2441, 0.422 -0.2672 1.2441, 0.4334 -0.2672 1.2441, 0.4411 -0.2453 1.2441, 0.4745 -0.2453 1.2441, 0.4826 -0.2672 1.2441, 0.4444 -0.2363 1.2441, 0.4713 -0.2363 1.2441, 0.4592 -0.203 1.2441, 0.4579 -0.1974 1.2441, 0.4586 -0.2008 1.2441, 0.4577 -0.1974 1.2441, 0.4564 -0.203 1.2441, 0.4571 -0.2006 1.2441
            ]
        }
        coordIndex [
            0,1,2,-1,2,1,3,-1,4,5,0,-1,0,5,6,-1,0,6,1,-1,1,6,7,-1,4,8,5,-1,5,8,9,-1,5,9,10,-1,10,9,11,-1,10,11,12,-1,12,13,10,-1,10,13,2,-1,10,2,14,-1,14,2,3,-1,14,3,15,-1,10,14,16,-1,16,14,17,-1,5,10,18,-1,18,10,16,-1,6,5,19,-1,19,5,18,-1,7,6,20,-1,20,6,19,-1,1,7,21,-1,21,7,20,-1,3,1,22,-1,22,1,21,-1,15,3,23,-1,23,3,22,-1,14,15,17,-1,17,15,23,-1,0,2,24,-1,24,2,25,-1,2,13,25,-1,25,13,26,-1,11,27,28,-1,11,28,12,-1,12,28,26,-1,12,26,13,-1,11,9,27,-1,27,9,29,-1,4,30,31,-1,4,31,8,-1,8,31,29,-1,8,29,9,-1,4,0,30,-1,30,0,24,-1,
        ]
    }
}
Shape{
    appearance Appearance {
        material  Material 	{
            diffuseColor 0.6666666666666666 0.6980392156862745 0.7686274509803922
            specularColor 0.3333333333333333 0.34901960784313724 0.3843137254901961
            ambientIntensity 0.6967
            transparency 0.0
            shininess 0.5
        }
    }
    geometry IndexedFaceSet {
        ccw TRUE
        solid FALSE
        coord DEF co Coordinate {
            point [
                0.4579 -0.1974 1.2441, 0.4577 -0.1974 1.2441, 0.4586 -0.2008 1.2441, 0.4571 -0.2006 1.2441, 0.4592 -0.203 1.2441, 0.4564 -0.203 1.2441, 0.4713 -0.2363 1.2441, 0.4444 -0.2363 1.2441
            ]
        }
        coordIndex [
            0,1,2,-1,2,1,3,-1,2,3,4,-1,4,3,5,-1,4,5,6,-1,6,5,7,-1,
        ]
    }
}
Shape{
    appearance Appearance {
        material  Material 	{
            diffuseColor 0.0 0.0 0.0
            specularColor 0.0 0.0 0.0
            ambientIntensity 0.0
            transparency 0.0
            shininess 0.5
        }
    }
    geometry IndexedFaceSet {
        ccw TRUE
        solid FALSE
        coord DEF co Coordinate {
            point [
                -0.2812 -0.2786 1.248, -0.2727 -0.289 1.248, -0.2863 -0.2282 1.248, -0.2962 -0.1293 1.248, -0.2835 -0.1226 1.248, -0.2865 -0.0875 1.248, -0.251 -0.0859 1.248, -0.2334 -0.1275 1.248, -0.2247 -0.1095 1.248, -0.1759 -0.2482 1.248, -0.1759 -0.2425 1.248, -0.2241 -0.2286 1.248, -0.2295 -0.2269 1.248, -0.2987 -0.2206 1.248, -0.2942 -0.2642 1.248, -0.2869 -0.2664 1.248, -0.2641 -0.0848 1.248, -0.2156 -0.2355 1.248, -0.2129 -0.24 1.248, -0.1762 -0.2541 1.248, -0.0962 -0.2003 1.248, -0.1138 -0.1702 1.248, -0.1901 -0.21 1.248, -0.2334 -0.2265 1.248, -0.2387 -0.2272 1.248, -0.2464 -0.1923 1.248, -0.2437 -0.2291 1.248, -0.259 -0.1971 1.248, -0.2482 -0.2322 1.248, -0.2706 -0.2052 1.248, -0.2511 -0.2353 1.248, -0.28 -0.216 1.248, -0.2539 -0.2402 1.248, -0.2554 -0.2456 1.248, -0.2121 -0.1945 1.248, -0.2259 -0.1911 1.248, -0.2328 -0.1907 1.248, -0.2194 -0.2315 1.248, -0.2482 -0.2652 1.248, -0.2437 -0.2684 1.248, -0.2616 -0.2974 1.248, -0.2384 -0.2703 1.248, -0.0774 -0.144 1.248, -0.0728 -0.144 1.248, -0.0495 -0.1132 1.248, -0.062 -0.1453 1.248, -0.0467 -0.1142 1.248, -0.0521 -0.1491 1.248, -0.0297 -0.1226 1.248, -0.0143 -0.1357 1.248, -0.2394 -0.0723 1.248, -0.2119 -0.0942 1.248, -0.226 -0.0609 1.248, -0.1966 -0.0831 1.248, -0.2095 -0.0509 1.248, -0.2695 -0.1192 1.248, -0.2635 -0.1189 1.248, -0.2576 -0.0851 1.248, -0.2502 -0.1206 1.248, -0.2375 -0.1252 1.248, -0.2001 -0.201 1.248, -0.0142 -0.2419 1.248, -0.0407 -0.2193 1.248, -0.0297 -0.255 1.248, -0.0492 -0.2262 1.248, -0.0471 -0.2635 1.248, -0.0592 -0.2308 1.248, -0.066 -0.2675 1.248, -0.0694 -0.2328 1.248, -0.0996 -0.2675 1.248, -0.095 -0.2328 1.248, -0.1028 -0.267 1.248, -0.2518 -0.2611 1.248, -0.2542 -0.2564 1.248, -0.2555 -0.2511 1.248, -0.0432 -0.1553 1.248, -0.0367 -0.1626 1.248, -0.0027 -0.1519 1.248, -0.0314 -0.1725 1.248, 0.0043 -0.1692 1.248, -0.0287 -0.1834 1.248, 0.0069 -0.1878 1.248, -0.0284 -0.1884 1.248, 0.0042 -0.2081 1.248, -0.0298 -0.1995 1.248, -0.0029 -0.2262 1.248, -0.0337 -0.2096 1.248, -0.04 -0.2185 1.248, -0.0802 -0.0683 1.248, -0.1025 -0.0945 1.248, -0.0604 -0.0916 1.248, -0.0897 -0.1098 1.248, -0.0809 -0.1281 1.248, -0.3188 -0.1621 1.248, -0.3562 -0.1715 1.248, -0.3205 -0.1759 1.248, -0.3563 -0.177 1.248, -0.3198 -0.1846 1.248, -0.3536 -0.1993 1.248, -0.3157 -0.1985 1.248, -0.3454 -0.2205 1.248, -0.3089 -0.2101 1.248, -0.3324 -0.239 1.248, -0.3147 -0.2541 1.248, -0.2114 -0.2452 1.248, -0.2113 -0.2507 1.248, -0.1795 -0.2681 1.248, -0.2125 -0.2562 1.248, -0.1862 -0.2808 1.248, -0.215 -0.2612 1.248, -0.195 -0.2906 1.248, -0.2187 -0.2653 1.248, -0.2063 -0.2985 1.248, -0.223 -0.2684 1.248, -0.219 -0.3034 1.248, -0.228 -0.2703 1.248, -0.2328 -0.3051 1.248, -0.2334 -0.2709 1.248, -0.235 -0.305 1.248, -0.2484 -0.3029 1.248, -0.183 -0.0415 1.248, -0.178 -0.0755 1.248, -0.1577 -0.0387 1.248, -0.1571 -0.0728 1.248, -0.1304 -0.042 1.248, -0.1378 -0.0752 1.248, -0.1021 -0.053 1.248, -0.1199 -0.082 1.248, -0.1039 -0.0931 1.248, -0.3076 -0.0957 1.248, -0.3257 -0.1085 1.248, -0.306 -0.138 1.248, -0.3296 -0.1121 1.248, -0.3139 -0.1494 1.248, -0.3433 -0.1296 1.248, -0.3524 -0.1501 1.248, -0.0979 -0.2323 1.248, -0.1116 -0.2615 1.248, -0.1103 -0.2629 1.248, -0.0962 -0.2326 1.248, -0.1066 -0.2655 1.248, -0.1161 -0.2499 1.248, -0.1156 -0.2541 1.248, -0.1141 -0.258 1.248, -0.1029 -0.2328 1.248, -0.1068 -0.2343 1.248, -0.116 -0.2476 1.248, -0.1103 -0.2368 1.248, -0.1126 -0.2394 1.248, -0.1148 -0.2433 1.248, -0.0985 -0.2322 1.248, -0.0106 -0.1409 1.2441, -0.0027 -0.1519 1.2441, 0.0023 -0.1644 1.2441, 0.0043 -0.1692 1.2441, 0.0069 -0.1878 1.2441, -0.0143 -0.1357 1.2441, -0.0297 -0.1226 1.2441, -0.0467 -0.1142 1.2441, -0.0495 -0.1132 1.2441, -0.0604 -0.0916 1.2441, -0.0802 -0.0683 1.2441, -0.0929 -0.0595 1.2441, -0.1021 -0.053 1.2441, -0.1304 -0.042 1.2441, -0.1577 -0.0387 1.2441, -0.183 -0.0415 1.2441, -0.2095 -0.0509 1.2441, -0.2237 -0.0595 1.2441, -0.226 -0.0609 1.2441, -0.2394 -0.0723 1.2441, -0.251 -0.0859 1.2441, -0.2576 -0.0851 1.2441, -0.2641 -0.0848 1.2441, -0.2865 -0.0875 1.2441, -0.3076 -0.0957 1.2441, -0.3257 -0.1085 1.2441, -0.3296 -0.1121 1.2441, -0.3433 -0.1296 1.2441, -0.3483 -0.1409 1.2441, -0.3524 -0.1501 1.2441, -0.3549 -0.1644 1.2441, -0.3562 -0.1715 1.2441, -0.3563 -0.177 1.2441, -0.3536 -0.1993 1.2441, -0.3454 -0.2205 1.2441, -0.3324 -0.239 1.2441, -0.3147 -0.2541 1.2441, -0.2942 -0.2642 1.2441, -0.2869 -0.2664 1.2441, -0.2862 -0.2679 1.2441, -0.2812 -0.2786 1.2441, -0.2727 -0.289 1.2441, -0.2616 -0.2974 1.2441, -0.2563 -0.2996 1.2441, -0.2484 -0.3029 1.2441, -0.235 -0.305 1.2441, -0.2328 -0.3051 1.2441, -0.1759 -0.2482 1.2441, -0.219 -0.3034 1.2441, -0.2092 -0.2996 1.2441, -0.2063 -0.2985 1.2441, -0.195 -0.2906 1.2441, -0.1862 -0.2808 1.2441, -0.1795 -0.2681 1.2441, -0.1795 -0.2679 1.2441, -0.1762 -0.2541 1.2441, -0.1759 -0.2425 1.2441, -0.0962 -0.2003 1.2441, -0.1138 -0.1702 1.2441, -0.1901 -0.21 1.2441, -0.2001 -0.201 1.2441, -0.2121 -0.1945 1.2441, -0.2259 -0.1911 1.2441, -0.2328 -0.1907 1.2441, -0.2464 -0.1923 1.2441, -0.259 -0.1971 1.2441, -0.2706 -0.2052 1.2441, -0.28 -0.216 1.2441, -0.2863 -0.2282 1.2441, -0.2987 -0.2206 1.2441, -0.3089 -0.2101 1.2441, -0.3157 -0.1985 1.2441, -0.3198 -0.1846 1.2441, -0.3205 -0.1759 1.2441, -0.3191 -0.1644 1.2441, -0.3188 -0.1621 1.2441, -0.3139 -0.1494 1.2441, -0.308 -0.1409 1.2441, -0.306 -0.138 1.2441, -0.2962 -0.1293 1.2441, -0.2835 -0.1226 1.2441, -0.2695 -0.1192 1.2441, -0.2635 -0.1189 1.2441, -0.2502 -0.1206 1.2441, -0.2375 -0.1252 1.2441, -0.2334 -0.1275 1.2441, -0.2247 -0.1095 1.2441, -0.2119 -0.0942 1.2441, -0.1966 -0.0831 1.2441, -0.178 -0.0755 1.2441, -0.1571 -0.0728 1.2441, -0.1378 -0.0752 1.2441, -0.1199 -0.082 1.2441, -0.1039 -0.0931 1.2441, -0.1025 -0.0945 1.2441, -0.0897 -0.1098 1.2441, -0.0809 -0.1281 1.2441, -0.0781 -0.1409 1.2441, -0.0774 -0.144 1.2441, -0.0728 -0.144 1.2441, -0.062 -0.1453 1.2441, -0.0521 -0.1491 1.2441, -0.0432 -0.1553 1.2441, -0.0367 -0.1626 1.2441, -0.0357 -0.1644 1.2441, -0.0314 -0.1725 1.2441, -0.0287 -0.1834 1.2441, -0.0284 -0.1884 1.2441, -0.0298 -0.1995 1.2441, -0.0337 -0.2096 1.2441, -0.04 -0.2185 1.2441, -0.0407 -0.2193 1.2441, -0.0492 -0.2262 1.2441, -0.0592 -0.2308 1.2441, -0.0694 -0.2328 1.2441, -0.095 -0.2328 1.2441, -0.0962 -0.2326 1.2441, -0.0979 -0.2323 1.2441, -0.0985 -0.2322 1.2441, -0.1029 -0.2328 1.2441, -0.1068 -0.2343 1.2441, -0.1103 -0.2368 1.2441, -0.1126 -0.2394 1.2441, -0.1148 -0.2433 1.2441, -0.116 -0.2476 1.2441, -0.1161 -0.2499 1.2441, -0.1156 -0.2541 1.2441, -0.1141 -0.258 1.2441, -0.1116 -0.2615 1.2441, -0.1103 -0.2629 1.2441, -0.1066 -0.2655 1.2441, -0.1028 -0.267 1.2441, -0.0996 -0.2675 1.2441, -0.066 -0.2675 1.2441, -0.0471 -0.2635 1.2441, -0.0297 -0.255 1.2441, -0.0142 -0.2419 1.2441, -0.0029 -0.2262 1.2441, 0.0042 -0.2081 1.2441, -0.2334 -0.2265 1.2441, -0.2295 -0.2269 1.2441, -0.2241 -0.2286 1.2441, -0.2194 -0.2315 1.2441, -0.2156 -0.2355 1.2441, -0.2129 -0.24 1.2441, -0.2114 -0.2452 1.2441, -0.2113 -0.2507 1.2441, -0.2125 -0.2562 1.2441, -0.215 -0.2612 1.2441, -0.2187 -0.2653 1.2441, -0.223 -0.2684 1.2441, -0.228 -0.2703 1.2441, -0.2334 -0.2709 1.2441, -0.2384 -0.2703 1.2441, -0.2437 -0.2684 1.2441, -0.2482 -0.2652 1.2441, -0.2518 -0.2611 1.2441, -0.2542 -0.2564 1.2441, -0.2555 -0.2511 1.2441, -0.2554 -0.2456 1.2441, -0.2539 -0.2402 1.2441, -0.2511 -0.2353 1.2441, -0.2482 -0.2322 1.2441, -0.2437 -0.2291 1.2441, -0.2387 -0.2272 1.2441
            ]
        }
        coordIndex [
            0,1,2,-1,3,4,5,-1,6,7,8,-1,9,10,11,-1,11,10,12,-1,13,14,2,-1,2,14,15,-1,2,15,0,-1,5,4,16,-1,17,18,19,-1,20,21,10,-1,10,21,22,-1,10,22,12,-1,12,22,23,-1,24,25,26,-1,26,25,27,-1,26,27,28,-1,28,27,29,-1,28,29,30,-1,30,29,31,-1,30,31,32,-1,32,31,2,-1,32,2,33,-1,34,35,24,-1,24,35,36,-1,24,36,25,-1,9,11,19,-1,19,11,37,-1,19,37,17,-1,38,1,39,-1,39,1,40,-1,39,40,41,-1,42,43,44,-1,44,43,45,-1,44,45,46,-1,46,45,47,-1,46,47,48,-1,48,47,49,-1,6,8,50,-1,50,8,51,-1,50,51,52,-1,52,51,53,-1,52,53,54,-1,4,55,16,-1,16,55,56,-1,16,56,57,-1,57,56,58,-1,57,58,6,-1,6,58,59,-1,6,59,7,-1,23,22,24,-1,24,22,60,-1,24,60,34,-1,61,62,63,-1,63,62,64,-1,63,64,65,-1,65,64,66,-1,65,66,67,-1,67,66,68,-1,67,68,69,-1,69,68,70,-1,69,70,71,-1,38,72,1,-1,1,72,73,-1,1,73,2,-1,2,73,74,-1,2,74,33,-1,47,75,49,-1,49,75,76,-1,49,76,77,-1,77,76,78,-1,77,78,79,-1,79,78,80,-1,79,80,81,-1,81,80,82,-1,81,82,83,-1,83,82,84,-1,83,84,85,-1,85,84,86,-1,85,86,61,-1,61,86,87,-1,61,87,62,-1,88,89,90,-1,90,89,91,-1,90,91,44,-1,44,91,92,-1,44,92,42,-1,93,94,95,-1,95,94,96,-1,95,96,97,-1,97,96,98,-1,97,98,99,-1,99,98,100,-1,99,100,101,-1,101,100,102,-1,101,102,13,-1,13,102,103,-1,13,103,14,-1,18,104,19,-1,19,104,105,-1,19,105,106,-1,106,105,107,-1,106,107,108,-1,108,107,109,-1,108,109,110,-1,110,109,111,-1,110,111,112,-1,112,111,113,-1,112,113,114,-1,114,113,115,-1,114,115,116,-1,116,115,117,-1,116,117,118,-1,118,117,41,-1,118,41,119,-1,119,41,40,-1,54,53,120,-1,120,53,121,-1,120,121,122,-1,122,121,123,-1,122,123,124,-1,124,123,125,-1,124,125,126,-1,126,125,127,-1,126,127,88,-1,88,127,128,-1,88,128,89,-1,5,129,3,-1,3,129,130,-1,3,130,131,-1,131,130,132,-1,131,132,133,-1,133,132,134,-1,133,134,93,-1,93,134,135,-1,93,135,94,-1,136,137,138,-1,70,139,71,-1,71,139,136,-1,71,136,140,-1,140,136,138,-1,141,142,136,-1,136,142,143,-1,136,143,137,-1,144,145,146,-1,145,147,146,-1,146,147,148,-1,146,148,149,-1,141,136,146,-1,146,136,150,-1,146,150,144,-1,151,49,152,-1,152,49,77,-1,152,77,153,-1,153,77,79,-1,153,79,154,-1,154,79,81,-1,154,81,155,-1,151,156,49,-1,49,156,157,-1,49,157,48,-1,48,157,158,-1,48,158,46,-1,46,158,159,-1,46,159,44,-1,44,159,160,-1,44,160,90,-1,90,160,161,-1,90,161,88,-1,88,161,126,-1,126,161,162,-1,162,163,126,-1,126,163,164,-1,126,164,124,-1,124,164,165,-1,124,165,122,-1,122,165,166,-1,122,166,120,-1,120,166,167,-1,120,167,54,-1,54,167,52,-1,52,167,168,-1,52,168,169,-1,52,169,170,-1,52,170,50,-1,50,170,171,-1,50,171,6,-1,6,171,172,-1,6,172,57,-1,57,172,173,-1,57,173,16,-1,16,173,174,-1,16,174,5,-1,5,174,175,-1,5,175,129,-1,129,175,176,-1,129,176,130,-1,130,176,177,-1,130,177,132,-1,135,134,178,-1,178,134,132,-1,178,132,177,-1,178,179,135,-1,135,179,180,-1,135,180,94,-1,94,180,181,-1,181,182,94,-1,94,182,183,-1,94,183,96,-1,96,183,184,-1,96,184,98,-1,98,184,185,-1,98,185,100,-1,100,185,186,-1,100,186,102,-1,102,186,187,-1,102,187,103,-1,103,187,188,-1,103,188,14,-1,14,188,189,-1,14,189,15,-1,15,189,190,-1,15,190,0,-1,190,191,0,-1,0,191,192,-1,0,192,1,-1,1,192,193,-1,1,193,40,-1,40,193,194,-1,40,194,119,-1,194,195,119,-1,119,195,196,-1,119,196,118,-1,118,196,197,-1,118,197,116,-1,198,9,19,-1,116,197,199,-1,200,112,199,-1,199,112,114,-1,199,114,116,-1,200,201,112,-1,112,201,202,-1,112,202,110,-1,110,202,203,-1,110,203,108,-1,108,203,204,-1,108,204,106,-1,106,204,205,-1,106,205,19,-1,19,205,206,-1,19,206,198,-1,10,9,207,-1,207,9,198,-1,20,10,208,-1,208,10,207,-1,21,20,209,-1,209,20,208,-1,22,21,210,-1,210,21,209,-1,22,210,211,-1,22,211,60,-1,60,211,212,-1,60,212,34,-1,34,212,213,-1,34,213,35,-1,35,213,214,-1,35,214,36,-1,36,214,215,-1,36,215,25,-1,25,215,216,-1,25,216,27,-1,27,216,217,-1,27,217,29,-1,29,217,218,-1,29,218,31,-1,31,218,219,-1,31,219,2,-1,2,219,220,-1,2,220,13,-1,13,220,221,-1,13,221,101,-1,101,221,222,-1,101,222,99,-1,99,222,223,-1,99,223,97,-1,97,223,224,-1,97,224,95,-1,93,95,224,-1,224,225,93,-1,93,225,226,-1,93,226,227,-1,228,131,227,-1,227,131,133,-1,227,133,93,-1,228,229,131,-1,131,229,230,-1,131,230,3,-1,3,230,231,-1,3,231,4,-1,4,231,232,-1,4,232,55,-1,55,232,233,-1,55,233,56,-1,56,233,234,-1,56,234,58,-1,58,234,235,-1,58,235,59,-1,59,235,236,-1,59,236,7,-1,7,236,237,-1,7,237,8,-1,8,237,238,-1,8,238,51,-1,51,238,239,-1,51,239,53,-1,53,239,240,-1,53,240,121,-1,121,240,241,-1,121,241,123,-1,123,241,242,-1,123,242,125,-1,125,242,243,-1,125,243,127,-1,127,243,244,-1,127,244,128,-1,128,244,245,-1,128,245,89,-1,89,245,246,-1,89,246,91,-1,91,246,247,-1,91,247,92,-1,92,247,42,-1,42,247,248,-1,42,248,249,-1,43,42,250,-1,250,42,249,-1,43,250,251,-1,43,251,45,-1,45,251,252,-1,45,252,47,-1,47,252,253,-1,47,253,75,-1,75,253,254,-1,75,254,76,-1,76,254,255,-1,76,255,78,-1,255,256,78,-1,78,256,257,-1,78,257,80,-1,80,257,258,-1,80,258,82,-1,82,258,259,-1,82,259,84,-1,84,259,260,-1,84,260,86,-1,86,260,261,-1,86,261,87,-1,87,261,262,-1,87,262,62,-1,62,262,263,-1,62,263,64,-1,64,263,264,-1,64,264,66,-1,66,264,265,-1,66,265,68,-1,70,68,266,-1,266,68,265,-1,70,266,267,-1,70,267,139,-1,139,267,268,-1,139,268,136,-1,136,268,269,-1,136,269,150,-1,150,269,270,-1,150,270,144,-1,144,270,271,-1,144,271,145,-1,145,271,272,-1,145,272,147,-1,147,272,273,-1,147,273,148,-1,148,273,274,-1,148,274,149,-1,149,274,275,-1,149,275,146,-1,146,275,276,-1,146,276,141,-1,141,276,277,-1,141,277,142,-1,142,277,278,-1,142,278,143,-1,143,278,279,-1,143,279,137,-1,137,279,280,-1,137,280,138,-1,138,280,281,-1,138,281,140,-1,140,281,282,-1,140,282,71,-1,71,282,283,-1,71,283,69,-1,67,69,284,-1,284,69,283,-1,67,284,285,-1,67,285,65,-1,65,285,286,-1,65,286,63,-1,63,286,287,-1,63,287,61,-1,61,287,288,-1,61,288,85,-1,85,288,289,-1,85,289,83,-1,83,289,155,-1,83,155,81,-1,23,290,291,-1,23,291,12,-1,12,291,292,-1,12,292,11,-1,11,292,293,-1,11,293,37,-1,37,293,294,-1,37,294,17,-1,17,294,295,-1,17,295,18,-1,18,295,296,-1,18,296,104,-1,104,296,297,-1,104,297,105,-1,105,297,298,-1,105,298,107,-1,107,298,299,-1,107,299,109,-1,109,299,300,-1,109,300,111,-1,111,300,301,-1,111,301,113,-1,113,301,302,-1,113,302,115,-1,115,302,303,-1,115,303,117,-1,117,303,304,-1,117,304,41,-1,41,304,305,-1,41,305,39,-1,39,305,306,-1,39,306,38,-1,38,306,307,-1,38,307,72,-1,72,307,308,-1,72,308,73,-1,73,308,309,-1,73,309,74,-1,74,309,310,-1,74,310,33,-1,33,310,311,-1,33,311,32,-1,32,311,312,-1,32,312,30,-1,30,312,313,-1,30,313,28,-1,28,313,314,-1,28,314,26,-1,26,314,315,-1,26,315,24,-1,24,315,290,-1,24,290,23,-1,
        ]
    }
}
Shape{
    appearance Appearance {
        material  Material 	{
            diffuseColor 0.6666666666666666 0.6980392156862745 0.7686274509803922
            specularColor 0.3333333333333333 0.34901960784313724 0.3843137254901961
            ambientIntensity 0.6967
            transparency 0.0
            shininess 0.5
        }
    }
    geometry IndexedFaceSet {
        ccw TRUE
        solid FALSE
        coord DEF co Coordinate {
            point [
                -0.2334 -0.2709 1.2441, -0.2482 -0.2322 1.2441, -0.2511 -0.2353 1.2441, -0.2334 -0.2265 1.2441, -0.2295 -0.2269 1.2441, -0.228 -0.2703 1.2441, -0.2387 -0.2272 1.2441, -0.2437 -0.2291 1.2441, -0.2187 -0.2653 1.2441, -0.2156 -0.2355 1.2441, -0.2194 -0.2315 1.2441, -0.2542 -0.2564 1.2441, -0.2518 -0.2611 1.2441, -0.2482 -0.2652 1.2441, -0.223 -0.2684 1.2441, -0.2241 -0.2286 1.2441, -0.2437 -0.2684 1.2441, -0.2384 -0.2703 1.2441, -0.2539 -0.2402 1.2441, -0.2554 -0.2456 1.2441, -0.2555 -0.2511 1.2441, -0.2125 -0.2562 1.2441, -0.2113 -0.2507 1.2441, -0.215 -0.2612 1.2441, -0.2114 -0.2452 1.2441, -0.2129 -0.24 1.2441, -1.127 -0.3937 0.0, -1.127 -1.0236 0.0, -1.127 -0.3937 0.1181, -1.127 -1.0236 0.1181, -1.7598 -1.1024 0.5512, -1.6417 -1.1024 0.5512, -1.7598 -1.1024 0.5118, -1.6417 -1.1024 0.5118, -1.75 -1.1024 0.412, -1.6319 -1.1024 0.4242, -1.7209 -1.1024 0.316, -1.6027 -1.1024 0.341, -1.6736 -1.1024 0.2275, -1.5558 -1.1024 0.2663, -1.6099 -1.1024 0.1499, -1.4935 -1.1024 0.204, -1.2058 -1.1024 0.1181, -1.2058 -1.1024 0.0, -1.248 -1.1024 0.1181, -1.248 -1.1024 0.0, -1.3356 -1.1024 0.128, -1.3479 -1.1024 0.0098, -1.4189 -1.1024 0.1571, -1.4439 -1.1024 0.039, -1.5324 -1.1024 0.0863, -1.6417 -0.315 0.5512, -1.7598 -0.315 0.5512, -1.6417 -0.315 0.5118, -1.7598 -0.315 0.5118, -1.6319 -0.315 0.4242, -1.75 -0.315 0.412, -1.6027 -0.315 0.341, -1.7209 -0.315 0.316, -1.5558 -0.315 0.2663, -1.2058 -0.315 0.0, -1.2058 -0.315 0.1181, -1.248 -0.315 0.0, -1.248 -0.315 0.1181, -1.3479 -0.315 0.0098, -1.3356 -0.315 0.128, -1.4439 -0.315 0.039, -1.4189 -0.315 0.1571, -1.5324 -0.315 0.0863, -1.4935 -0.315 0.204, -1.6099 -0.315 0.1499, -1.6736 -0.315 0.2275, -1.6417 -0.3543 0.5906, -1.6417 -1.063 0.5906, -1.7598 -0.3543 0.5906, -1.7598 -1.063 0.5906, 1.7598 -0.3543 0.5906, 1.7598 -1.063 0.5906, 1.6417 -0.3543 0.5906, 1.6417 -1.063 0.5906, 1.127 -1.0236 0.0, 1.127 -0.3937 0.0, 1.127 -1.0236 0.1181, 1.127 -0.3937 0.1181, 1.6417 -1.1024 0.5512, 1.7598 -1.1024 0.5512, 1.6417 -1.1024 0.5118, 1.7598 -1.1024 0.5118, 1.6319 -1.1024 0.4242, 1.75 -1.1024 0.412, 1.6027 -1.1024 0.341, 1.7209 -1.1024 0.316, 1.5558 -1.1024 0.2663, 1.2058 -1.1024 0.0, 1.2058 -1.1024 0.1181, 1.248 -1.1024 0.0, 1.248 -1.1024 0.1181, 1.3479 -1.1024 0.0098, 1.3356 -1.1024 0.128, 1.4439 -1.1024 0.039, 1.4189 -1.1024 0.1571, 1.5324 -1.1024 0.0863, 1.4935 -1.1024 0.204, 1.6099 -1.1024 0.1499, 1.6736 -1.1024 0.2275, 1.2058 -0.315 0.1181, 1.2058 -0.315 0.0, 1.248 -0.315 0.1181, 1.248 -0.315 0.0, 1.3356 -0.315 0.128, 1.3479 -0.315 0.0098, 1.4189 -0.315 0.1571, 1.4439 -0.315 0.039, 1.4935 -0.315 0.204, 1.7598 -0.315 0.5512, 1.6417 -0.315 0.5512, 1.7598 -0.315 0.5118, 1.6417 -0.315 0.5118, 1.75 -0.315 0.412, 1.6319 -0.315 0.4242, 1.7209 -0.315 0.316, 1.6027 -0.315 0.341, 1.6736 -0.315 0.2275, 1.5558 -0.315 0.2663, 1.6099 -0.315 0.1499, 1.5324 -0.315 0.0863, 1.1297 -1.044 0.0, 1.1297 -1.044 0.1181, 1.1376 -1.063 0.0, 1.1376 -1.063 0.1181, 1.1501 -1.0793 0.0, 1.1501 -1.0793 0.1181, 1.1664 -1.0918 0.0, 1.1664 -1.0918 0.1181, 1.1854 -1.0997 0.0, 1.1854 -1.0997 0.1181, 1.1854 -0.3176 0.0, 1.1854 -0.3176 0.1181, 1.1664 -0.3255 0.0, 1.1664 -0.3255 0.1181, 1.1501 -0.338 0.0, 1.1501 -0.338 0.1181, 1.1376 -0.3543 0.0, 1.1376 -0.3543 0.1181, 1.1297 -0.3733 0.0, 1.1297 -0.3733 0.1181, -1.1297 -0.3733 0.0, -1.1297 -0.3733 0.1181, -1.1376 -0.3543 0.0, -1.1376 -0.3543 0.1181, -1.1501 -0.338 0.0, -1.1501 -0.338 0.1181, -1.1664 -0.3255 0.0, -1.1664 -0.3255 0.1181, -1.1854 -0.3176 0.0, -1.1854 -0.3176 0.1181, -1.1854 -1.0997 0.0, -1.1854 -1.0997 0.1181, -1.1664 -1.0918 0.0, -1.1664 -1.0918 0.1181, -1.1501 -1.0793 0.0, -1.1501 -1.0793 0.1181, -1.1376 -1.063 0.0, -1.1376 -1.063 0.1181, -1.1297 -1.044 0.0, -1.1297 -1.044 0.1181, -1.6417 -0.3441 0.5892, -1.7598 -0.3441 0.5892, -1.6417 -0.3346 0.5853, -1.7598 -0.3346 0.5853, -1.6417 -0.3265 0.579, -1.7598 -0.3265 0.579, -1.6417 -0.3202 0.5709, -1.7598 -0.3202 0.5709, -1.6417 -0.3163 0.5614, -1.7598 -0.3163 0.5614, -1.7598 -1.0732 0.5892, -1.6417 -1.0732 0.5892, -1.7598 -1.0827 0.5853, -1.6417 -1.0827 0.5853, -1.7598 -1.0908 0.579, -1.6417 -1.0908 0.579, -1.7598 -1.0971 0.5709, -1.6417 -1.0971 0.5709, -1.7598 -1.101 0.5614, -1.6417 -1.101 0.5614, 1.6417 -0.3163 0.5614, 1.7598 -0.3163 0.5614, 1.6417 -0.3202 0.5709, 1.7598 -0.3202 0.5709, 1.6417 -0.3265 0.579, 1.7598 -0.3265 0.579, 1.6417 -0.3346 0.5853, 1.7598 -0.3346 0.5853, 1.6417 -0.3441 0.5892, 1.7598 -0.3441 0.5892, 1.7598 -1.101 0.5614, 1.6417 -1.101 0.5614, 1.7598 -1.0971 0.5709, 1.6417 -1.0971 0.5709, 1.7598 -1.0908 0.579, 1.6417 -1.0908 0.579, 1.7598 -1.0827 0.5853, 1.6417 -1.0827 0.5853, 1.7598 -1.0732 0.5892, 1.6417 -1.0732 0.5892, 1.7598 -0.9449 0.5906, 1.7598 -0.5039 0.5906, 1.6417 -0.9449 0.5906, 1.6417 -0.5039 0.5906, 1.7598 -0.5039 0.0394, 1.6417 -0.5039 0.0394, 1.7598 -0.5049 0.0306, 1.6417 -0.5049 0.0306, 1.7598 -0.5078 0.0223, 1.6417 -0.5078 0.0223, 1.7598 -0.5125 0.0148, 1.6417 -0.5125 0.0148, 1.7598 -0.5187 0.0086, 1.6417 -0.5187 0.0086, 1.7598 -0.5262 0.0039, 1.6417 -0.5262 0.0039, 1.7598 -0.5345 0.001, 1.6417 -0.5345 0.001, 1.7598 -0.5433 0.0, 1.6417 -0.5433 0.0, 1.7598 -0.6299 0.0, 1.6417 -0.6299 0.0, 1.7598 -0.6299 -0.315, 1.6417 -0.6299 -0.315, 1.7598 -0.6319 -0.3325, 1.6417 -0.6319 -0.3325, 1.7598 -0.6377 -0.3491, 1.6417 -0.6377 -0.3491, 1.7598 -0.6471 -0.3641, 1.6417 -0.6471 -0.3641, 1.7598 -0.6596 -0.3765, 1.6417 -0.6596 -0.3765, 1.7598 -0.6745 -0.3859, 1.6417 -0.6745 -0.3859, 1.7598 -0.6911 -0.3917, 1.6417 -0.6911 -0.3917, 1.7598 -0.7087 -0.3937, 1.6417 -0.7087 -0.3937, 1.7598 -0.8661 -0.3937, 1.6417 -0.8661 -0.3937, 1.7598 -0.8837 -0.3917, 1.6417 -0.8837 -0.3917, 1.7598 -0.9003 -0.3859, 1.6417 -0.9003 -0.3859, 1.7598 -0.9152 -0.3765, 1.6417 -0.9152 -0.3765, 1.7598 -0.9277 -0.3641, 1.6417 -0.9277 -0.3641, 1.7598 -0.9371 -0.3491, 1.6417 -0.9371 -0.3491, 1.7598 -0.9429 -0.3325, 1.6417 -0.9429 -0.3325, 1.7598 -0.9449 -0.315, 1.6417 -0.9449 -0.315, -1.7598 -0.5039 0.5906, -1.7598 -0.9449 0.5906, -1.6417 -0.5039 0.5906, -1.6417 -0.9449 0.5906, -1.7598 -0.5039 0.0394, -1.6417 -0.5039 0.0394, -1.6417 -0.5433 0.0, -1.7598 -0.5433 0.0, -1.7598 -0.5345 0.001, -1.6417 -0.5345 0.001, -1.7598 -0.5262 0.0039, -1.6417 -0.5262 0.0039, -1.7598 -0.5187 0.0086, -1.6417 -0.5187 0.0086, -1.7598 -0.5125 0.0148, -1.6417 -0.5125 0.0148, -1.7598 -0.5078 0.0223, -1.6417 -0.5078 0.0223, -1.7598 -0.5049 0.0306, -1.6417 -0.5049 0.0306, -1.7598 -0.6299 0.0, -1.6417 -0.6299 0.0, -1.7598 -0.6299 -0.315, -1.6417 -0.6299 -0.315, -1.6417 -0.7087 -0.3937, -1.7598 -0.7087 -0.3937, -1.7598 -0.6911 -0.3917, -1.6417 -0.6911 -0.3917, -1.7598 -0.6745 -0.3859, -1.6417 -0.6745 -0.3859, -1.7598 -0.6596 -0.3765, -1.6417 -0.6596 -0.3765, -1.7598 -0.6471 -0.3641, -1.6417 -0.6471 -0.3641, -1.7598 -0.6377 -0.3491, -1.6417 -0.6377 -0.3491, -1.7598 -0.6319 -0.3325, -1.6417 -0.6319 -0.3325, -1.7598 -0.8661 -0.3937, -1.6417 -0.8661 -0.3937, -1.6417 -0.9449 -0.315, -1.7598 -0.9449 -0.315, -1.7598 -0.9429 -0.3325, -1.6417 -0.9429 -0.3325, -1.7598 -0.9371 -0.3491, -1.6417 -0.9371 -0.3491, -1.7598 -0.9277 -0.3641, -1.6417 -0.9277 -0.3641, -1.7598 -0.9152 -0.3765, -1.6417 -0.9152 -0.3765, -1.7598 -0.9003 -0.3859, -1.6417 -0.9003 -0.3859, -1.7598 -0.8837 -0.3917, -1.6417 -0.8837 -0.3917
            ]
        }
        coordIndex [
            0,1,2,-1,3,0,4,-1,4,0,5,-1,3,6,0,-1,0,6,7,-1,0,7,1,-1,8,9,10,-1,11,12,2,-1,2,12,13,-1,5,14,4,-1,4,14,8,-1,4,8,15,-1,15,8,10,-1,13,16,2,-1,2,16,17,-1,2,17,0,-1,18,19,2,-1,2,19,20,-1,2,20,11,-1,21,22,23,-1,23,22,24,-1,23,24,8,-1,8,24,25,-1,8,25,9,-1,26,27,28,-1,28,27,29,-1,30,31,32,-1,32,31,33,-1,32,33,34,-1,34,33,35,-1,34,35,36,-1,36,35,37,-1,36,37,38,-1,38,37,39,-1,38,39,40,-1,40,39,41,-1,42,43,44,-1,44,43,45,-1,44,45,46,-1,46,45,47,-1,46,47,48,-1,48,47,49,-1,48,49,41,-1,41,49,50,-1,41,50,40,-1,51,52,53,-1,53,52,54,-1,53,54,55,-1,55,54,56,-1,55,56,57,-1,57,56,58,-1,57,58,59,-1,60,61,62,-1,62,61,63,-1,62,63,64,-1,64,63,65,-1,64,65,66,-1,66,65,67,-1,66,67,68,-1,68,67,69,-1,68,69,70,-1,70,69,59,-1,70,59,71,-1,71,59,58,-1,72,73,74,-1,74,73,75,-1,76,77,78,-1,78,77,79,-1,80,81,82,-1,82,81,83,-1,84,85,86,-1,86,85,87,-1,86,87,88,-1,88,87,89,-1,88,89,90,-1,90,89,91,-1,90,91,92,-1,93,94,95,-1,95,94,96,-1,95,96,97,-1,97,96,98,-1,97,98,99,-1,99,98,100,-1,99,100,101,-1,101,100,102,-1,101,102,103,-1,103,102,92,-1,103,92,104,-1,104,92,91,-1,105,106,107,-1,107,106,108,-1,107,108,109,-1,109,108,110,-1,109,110,111,-1,111,110,112,-1,111,112,113,-1,114,115,116,-1,116,115,117,-1,116,117,118,-1,118,117,119,-1,118,119,120,-1,120,119,121,-1,120,121,122,-1,122,121,123,-1,122,123,124,-1,124,123,113,-1,124,113,125,-1,125,113,112,-1,80,82,126,-1,126,82,127,-1,126,127,128,-1,128,127,129,-1,128,129,130,-1,130,129,131,-1,130,131,132,-1,132,131,133,-1,132,133,134,-1,134,133,135,-1,134,135,93,-1,93,135,94,-1,106,105,136,-1,136,105,137,-1,136,137,138,-1,138,137,139,-1,138,139,140,-1,140,139,141,-1,140,141,142,-1,142,141,143,-1,142,143,144,-1,144,143,145,-1,144,145,81,-1,81,145,83,-1,26,28,146,-1,146,28,147,-1,146,147,148,-1,148,147,149,-1,148,149,150,-1,150,149,151,-1,150,151,152,-1,152,151,153,-1,152,153,154,-1,154,153,155,-1,154,155,60,-1,60,155,61,-1,43,42,156,-1,156,42,157,-1,156,157,158,-1,158,157,159,-1,158,159,160,-1,160,159,161,-1,160,161,162,-1,162,161,163,-1,162,163,164,-1,164,163,165,-1,164,165,27,-1,27,165,29,-1,72,74,166,-1,166,74,167,-1,166,167,168,-1,168,167,169,-1,168,169,170,-1,170,169,171,-1,170,171,172,-1,172,171,173,-1,172,173,174,-1,174,173,175,-1,174,175,51,-1,51,175,52,-1,75,73,176,-1,176,73,177,-1,176,177,178,-1,178,177,179,-1,178,179,180,-1,180,179,181,-1,180,181,182,-1,182,181,183,-1,182,183,184,-1,184,183,185,-1,184,185,30,-1,30,185,31,-1,115,114,186,-1,186,114,187,-1,186,187,188,-1,188,187,189,-1,188,189,190,-1,190,189,191,-1,190,191,192,-1,192,191,193,-1,192,193,194,-1,194,193,195,-1,194,195,78,-1,78,195,76,-1,85,84,196,-1,196,84,197,-1,196,197,198,-1,198,197,199,-1,198,199,200,-1,200,199,201,-1,200,201,202,-1,202,201,203,-1,202,203,204,-1,204,203,205,-1,204,205,77,-1,77,205,79,-1,206,207,208,-1,208,207,209,-1,207,210,209,-1,209,210,211,-1,211,210,212,-1,211,212,213,-1,213,212,214,-1,213,214,215,-1,215,214,216,-1,215,216,217,-1,217,216,218,-1,217,218,219,-1,219,218,220,-1,219,220,221,-1,221,220,222,-1,221,222,223,-1,223,222,224,-1,223,224,225,-1,224,226,225,-1,225,226,227,-1,226,228,227,-1,227,228,229,-1,229,228,230,-1,229,230,231,-1,231,230,232,-1,231,232,233,-1,233,232,234,-1,233,234,235,-1,235,234,236,-1,235,236,237,-1,237,236,238,-1,237,238,239,-1,239,238,240,-1,239,240,241,-1,241,240,242,-1,241,242,243,-1,242,244,243,-1,243,244,245,-1,245,244,246,-1,245,246,247,-1,247,246,248,-1,247,248,249,-1,249,248,250,-1,249,250,251,-1,251,250,252,-1,251,252,253,-1,253,252,254,-1,253,254,255,-1,255,254,256,-1,255,256,257,-1,257,256,258,-1,257,258,259,-1,258,206,259,-1,259,206,208,-1,244,242,206,-1,220,218,216,-1,212,210,224,-1,224,210,207,-1,224,207,226,-1,226,207,206,-1,226,206,228,-1,228,206,242,-1,228,242,240,-1,236,234,232,-1,220,216,222,-1,206,258,244,-1,244,258,256,-1,244,256,254,-1,240,238,228,-1,228,238,236,-1,228,236,230,-1,230,236,232,-1,222,216,224,-1,224,216,214,-1,224,214,212,-1,254,252,250,-1,250,248,254,-1,254,248,246,-1,254,246,244,-1,209,211,225,-1,225,211,213,-1,225,213,223,-1,255,257,245,-1,245,257,259,-1,245,259,243,-1,217,219,221,-1,233,235,243,-1,249,251,253,-1,223,213,221,-1,221,213,215,-1,221,215,217,-1,209,225,208,-1,208,225,227,-1,208,227,259,-1,259,227,229,-1,259,229,243,-1,243,229,231,-1,243,231,233,-1,237,239,235,-1,235,239,241,-1,235,241,243,-1,255,245,253,-1,253,245,247,-1,253,247,249,-1,260,261,262,-1,262,261,263,-1,264,260,265,-1,265,260,262,-1,266,267,268,-1,266,268,269,-1,269,268,270,-1,269,270,271,-1,271,270,272,-1,271,272,273,-1,273,272,274,-1,273,274,275,-1,275,274,276,-1,275,276,277,-1,277,276,278,-1,277,278,279,-1,279,278,264,-1,279,264,265,-1,280,267,281,-1,281,267,266,-1,282,280,283,-1,283,280,281,-1,284,285,286,-1,284,286,287,-1,287,286,288,-1,287,288,289,-1,289,288,290,-1,289,290,291,-1,291,290,292,-1,291,292,293,-1,293,292,294,-1,293,294,295,-1,295,294,296,-1,295,296,297,-1,297,296,282,-1,297,282,283,-1,298,285,299,-1,299,285,284,-1,300,301,302,-1,300,302,303,-1,303,302,304,-1,303,304,305,-1,305,304,306,-1,305,306,307,-1,307,306,308,-1,307,308,309,-1,309,308,310,-1,309,310,311,-1,311,310,312,-1,311,312,313,-1,313,312,298,-1,313,298,299,-1,261,301,263,-1,263,301,300,-1,301,261,298,-1,267,280,261,-1,261,280,298,-1,298,280,282,-1,298,282,285,-1,261,260,267,-1,267,260,264,-1,267,264,278,-1,274,272,270,-1,278,276,267,-1,267,276,274,-1,267,274,268,-1,268,274,270,-1,312,310,298,-1,298,310,308,-1,298,308,306,-1,306,304,298,-1,298,304,302,-1,298,302,301,-1,296,288,282,-1,282,288,286,-1,282,286,285,-1,296,294,288,-1,288,294,292,-1,288,292,290,-1,300,299,263,-1,263,299,284,-1,300,303,299,-1,299,303,305,-1,299,305,307,-1,291,293,295,-1,307,309,299,-1,299,309,311,-1,299,311,313,-1,279,265,266,-1,266,265,262,-1,266,262,281,-1,281,262,263,-1,281,263,283,-1,283,263,284,-1,283,284,287,-1,287,289,283,-1,283,289,291,-1,283,291,297,-1,297,291,295,-1,266,269,279,-1,279,269,271,-1,279,271,277,-1,277,271,273,-1,277,273,275,-1,
        ]
    }
}
Shape{
    appearance Appearance {
        material  Material 	{
            diffuseColor 0.9686274509803922 0.8784313725490196 0.6
            specularColor 0.6784313725490196 0.615686274509804 0.4196078431372549
            ambientIntensity 0.8737
            transparency 0.0
            shininess 0.5
        }
    }
    geometry IndexedFaceSet {
        ccw TRUE
        solid FALSE
        coord DEF co Coordinate {
            point [
                0.5512 -1.2345 0.4961, 0.5512 -1.3504 0.5347, 0.4331 -1.2345 0.4961, 0.4331 -1.3504 0.5347, 0.5512 -0.0512 0.4961, 0.4331 -0.0512 0.4961, 0.5315 0.0276 0.4961, 0.4528 0.0276 0.4961, 0.5315 0.0787 0.4961, 0.4528 0.0787 0.4961, 0.4331 -0.0512 0.5551, 0.4331 -1.3504 0.5551, 0.5512 -1.3504 0.5551, 0.5512 -0.0512 0.5551, 0.4528 0.0276 0.5551, 0.4528 0.0787 0.5551, 0.5315 0.0276 0.5551, 0.5315 0.0787 0.5551, -0.1575 -1.3504 0.7323, -0.0394 -1.3504 0.7323, -0.1575 -1.2323 0.7717, -0.0394 -1.2323 0.7717, -0.1575 -0.0512 0.7717, -0.1575 -0.0512 0.7126, -0.1575 -1.3504 0.7126, -0.0591 0.0787 0.7717, -0.1378 0.0787 0.7717, -0.0591 0.0276 0.7717, -0.1378 0.0276 0.7717, -0.0394 -0.0512 0.7717, -0.0394 -0.0512 0.7126, -0.0394 -1.3504 0.7126, -0.0591 0.0276 0.7126, -0.1378 0.0276 0.7126, -0.0591 0.0787 0.7126, -0.1378 0.0787 0.7126, 0.0394 -1.3504 0.7323, 0.1575 -1.3504 0.7323, 0.0394 -1.2323 0.7717, 0.1575 -1.2323 0.7717, 0.0394 -0.0512 0.7717, 0.0394 -0.0512 0.7126, 0.0394 -1.3504 0.7126, 0.1378 0.0787 0.7717, 0.0591 0.0787 0.7717, 0.1378 0.0276 0.7717, 0.0591 0.0276 0.7717, 0.1575 -0.0512 0.7717, 0.1575 -0.0512 0.7126, 0.1575 -1.3504 0.7126, 0.1378 0.0276 0.7126, 0.0591 0.0276 0.7126, 0.1378 0.0787 0.7126, 0.0591 0.0787 0.7126, 0.3543 -1.2345 0.4961, 0.3543 -1.3504 0.5347, 0.2362 -1.2345 0.4961, 0.2362 -1.3504 0.5347, 0.2559 0.0787 0.4961, 0.3346 0.0787 0.4961, 0.2559 0.0276 0.4961, 0.3346 0.0276 0.4961, 0.2362 -0.0512 0.4961, 0.3543 -0.0512 0.4961, 0.2362 -0.0512 0.5551, 0.2362 -1.3504 0.5551, 0.3543 -1.3504 0.5551, 0.3543 -0.0512 0.5551, 0.2559 0.0276 0.5551, 0.2559 0.0787 0.5551, 0.3346 0.0276 0.5551, 0.3346 0.0787 0.5551
            ]
        }
        coordIndex [
            0,1,2,-1,2,1,3,-1,0,2,4,-1,4,2,5,-1,4,5,6,-1,6,5,7,-1,6,7,8,-1,8,7,9,-1,10,5,11,-1,11,5,2,-1,11,2,3,-1,3,1,11,-1,11,1,12,-1,4,13,0,-1,0,13,12,-1,0,12,1,-1,7,14,9,-1,9,14,15,-1,5,10,7,-1,7,10,14,-1,16,13,6,-1,6,13,4,-1,16,6,17,-1,17,6,8,-1,11,12,10,-1,10,12,13,-1,10,13,14,-1,14,13,16,-1,14,16,15,-1,15,16,17,-1,8,9,17,-1,17,9,15,-1,18,19,20,-1,20,19,21,-1,22,23,20,-1,20,23,24,-1,20,24,18,-1,25,26,27,-1,27,26,28,-1,27,28,29,-1,29,28,22,-1,29,22,21,-1,21,22,20,-1,30,29,31,-1,31,29,21,-1,31,21,19,-1,31,19,24,-1,24,19,18,-1,31,24,30,-1,30,24,23,-1,30,23,32,-1,32,23,33,-1,32,33,34,-1,34,33,35,-1,23,22,33,-1,33,22,28,-1,33,28,35,-1,35,28,26,-1,27,32,25,-1,25,32,34,-1,27,29,32,-1,32,29,30,-1,26,25,35,-1,35,25,34,-1,36,37,38,-1,38,37,39,-1,40,41,38,-1,38,41,42,-1,38,42,36,-1,43,44,45,-1,45,44,46,-1,45,46,47,-1,47,46,40,-1,47,40,39,-1,39,40,38,-1,48,47,49,-1,49,47,39,-1,49,39,37,-1,49,37,42,-1,42,37,36,-1,49,42,48,-1,48,42,41,-1,48,41,50,-1,50,41,51,-1,50,51,52,-1,52,51,53,-1,41,40,51,-1,51,40,46,-1,51,46,53,-1,53,46,44,-1,45,50,43,-1,43,50,52,-1,45,47,50,-1,50,47,48,-1,44,43,53,-1,53,43,52,-1,54,55,56,-1,56,55,57,-1,58,59,60,-1,60,59,61,-1,60,61,62,-1,62,61,63,-1,62,63,56,-1,56,63,54,-1,64,62,65,-1,65,62,56,-1,65,56,57,-1,57,55,65,-1,65,55,66,-1,63,67,54,-1,54,67,66,-1,54,66,55,-1,60,68,58,-1,58,68,69,-1,62,64,60,-1,60,64,68,-1,70,67,61,-1,61,67,63,-1,70,61,71,-1,71,61,59,-1,65,66,64,-1,64,66,67,-1,64,67,68,-1,68,67,70,-1,68,70,69,-1,69,70,71,-1,59,58,71,-1,71,58,69,-1,
        ]
    }
}
Shape{
    appearance Appearance {
        material  Material 	{
            diffuseColor 0.2235294117647059 0.2235294117647059 0.2235294117647059
            specularColor 0.11372549019607843 0.11372549019607843 0.11372549019607843
            ambientIntensity 0.2235
            transparency 0.0
            shininess 0.5
        }
    }
    geometry IndexedFaceSet {
        ccw TRUE
        solid FALSE
        coord DEF co Coordinate {
            point [
                1.1614 -0.4803 0.3976, -1.1614 -0.4803 0.3976, 1.1614 0.0787 0.3976, -1.1614 0.0787 0.3976, 1.3189 -0.5984 0.5551, 1.3189 0.0787 0.5551, 1.3189 -0.5984 0.7126, 1.3189 0.0787 0.7126, -1.1614 0.0787 0.8701, -1.1614 -0.4803 0.8701, 1.1614 0.0787 0.8701, 1.1614 -0.4803 0.8701, -1.3189 0.0787 0.7126, -1.3189 0.0787 0.5551, -1.3189 -0.5984 0.7126, -1.3189 -0.5984 0.5551, 1.2173 0.0787 0.4072, 1.225 0.0787 0.4108, 1.2003 -0.4852 0.4025, 1.1878 0.0787 0.4, 1.1877 -0.4828 0.4002, 1.1804 -0.4814 0.3988, 1.1715 0.0787 0.3979, 1.1952 0.0787 0.4009, 1.2581 -0.5136 0.4311, 1.2547 -0.5107 0.4282, 1.2584 0.0787 0.4308, 1.2377 -0.4999 0.4174, 1.2576 0.0787 0.43, 1.2379 0.0787 0.4168, 1.2248 -0.4939 0.4113, 1.2188 -0.4911 0.4085, 1.2699 -0.5236 0.441, 1.2757 0.0787 0.4469, 1.2853 0.0787 0.4586, 1.3032 0.0787 0.486, 1.3055 0.0787 0.4916, 1.2966 -0.5571 0.4743, 1.3054 -0.5744 0.4917, 1.2912 0.0787 0.4658, 1.2855 -0.5411 0.4584, 1.2842 -0.5393 0.4565, 1.3167 -0.5984 0.5287, 1.3139 -0.5984 0.5157, 1.3167 0.0787 0.5287, 1.3065 -0.5766 0.4939, 1.3118 0.0787 0.5074, 1.3171 0.0787 0.5306, -1.1815 -0.4815 0.3989, -1.1877 -0.4826 0.4001, -1.1878 0.0787 0.3998, -1.3079 -0.58 0.4972, -1.3139 -0.5984 0.5157, -1.3167 -0.5984 0.5287, -1.3186 0.0787 0.5451, -1.3166 0.0787 0.5288, -1.3156 0.0787 0.5213, -1.3093 0.0787 0.4992, -1.3052 -0.5746 0.4917, -1.3057 0.0787 0.4915, -1.2984 -0.5602 0.4774, -1.2864 -0.5419 0.4593, -1.2998 0.0787 0.4786, -1.2865 0.0787 0.459, -1.2856 -0.541 0.4584, -1.2858 0.0787 0.4582, -1.2718 -0.5252 0.4428, -1.2697 0.0787 0.4408, -1.2581 -0.5131 0.431, -1.2579 0.0787 0.4312, -1.2558 -0.5111 0.429, -1.2383 -0.4997 0.4177, -1.2091 0.0787 0.4047, -1.2009 -0.4851 0.4027, -1.2249 0.0787 0.4111, -1.2507 0.0787 0.4253, -1.2306 0.0787 0.4133, -1.2248 -0.4934 0.4112, -1.2203 -0.4913 0.409, -1.186 0.0787 0.3994, 1.1988 -0.5984 0.5157, -1.1988 -0.5984 0.5157, 1.3166 -0.5984 0.739, 1.3139 -0.5984 0.752, 1.1988 -0.5984 0.752, 1.3171 -0.5984 0.7363, 1.1815 -0.4815 0.8688, 1.1877 -0.4826 0.8676, 1.1878 0.0787 0.8679, 1.3186 0.0787 0.7227, 1.3166 0.0787 0.739, 1.3079 -0.58 0.7705, 1.3156 0.0787 0.7464, 1.3093 0.0787 0.7685, 1.3052 -0.5746 0.776, 1.3057 0.0787 0.7762, 1.2984 -0.5602 0.7903, 1.2864 -0.5419 0.8085, 1.2998 0.0787 0.7891, 1.2865 0.0787 0.8088, 1.2856 -0.541 0.8093, 1.2858 0.0787 0.8095, 1.2718 -0.5252 0.8249, 1.2697 0.0787 0.8269, 1.2581 -0.5131 0.8367, 1.2579 0.0787 0.8365, 1.2558 -0.5111 0.8387, 1.2383 -0.4997 0.85, 1.2091 0.0787 0.863, 1.2009 -0.4851 0.8651, 1.2249 0.0787 0.8567, 1.2507 0.0787 0.8424, 1.2306 0.0787 0.8544, 1.2248 -0.4934 0.8565, 1.2203 -0.4913 0.8587, 1.186 0.0787 0.8683, -1.2976 -0.5582 0.7922, -1.3055 -0.5744 0.776, -1.1988 -0.5984 0.752, -1.3073 -0.5782 0.7722, -1.3139 -0.5984 0.752, -1.1821 -0.4816 0.8688, -1.1878 -0.4827 0.8676, -1.2581 -0.5137 0.8367, -1.2722 -0.5257 0.8247, -1.2855 -0.5403 0.8101, -1.2859 -0.5409 0.8094, -1.2018 -0.4855 0.8649, -1.2208 -0.4918 0.8586, -1.225 -0.4939 0.8565, -1.239 -0.5007 0.8496, -1.2567 -0.5125 0.8379, -1.2173 0.0787 0.8605, -1.225 0.0787 0.8569, -1.1878 0.0787 0.8677, -1.1715 0.0787 0.8698, -1.1952 0.0787 0.8668, -1.2584 0.0787 0.837, -1.2576 0.0787 0.8377, -1.2379 0.0787 0.851, -1.2757 0.0787 0.8209, -1.3055 0.0787 0.7761, -1.2853 0.0787 0.8091, -1.2912 0.0787 0.8019, -1.3032 0.0787 0.7818, -1.3167 -0.5984 0.739, -1.3167 0.0787 0.739, -1.3118 0.0787 0.7603, -1.3171 0.0787 0.7372, 1.1988 -1.122 0.5157, 1.2006 -1.1396 0.5157, -1.2004 -1.1438 0.5157, -1.2205 -1.1918 0.5157, -1.2129 -1.1807 0.5157, -1.2074 -1.1684 0.5157, -1.2051 -1.1632 0.5157, -1.1521 -1.6339 0.5157, 1.2014 -1.1423 0.5157, 1.2559 -1.2231 0.5157, 1.256 -1.3742 0.5157, 1.241 -1.2119 0.5157, 1.1521 -1.6339 0.5157, 1.2397 -1.2105 0.5157, 1.2061 -1.1584 0.5157, 1.2102 -1.1672 0.5157, 1.2154 -1.1785 0.5157, 1.2229 -1.1902 0.5157, 1.227 -1.1965 0.5157, -1.256 -1.3742 0.5157, -1.2558 -1.223 0.5157, -1.1988 -1.122 0.5157, -1.2003 -1.1426 0.5157, -1.239 -1.2111 0.5157, -1.2376 -1.2101 0.5157, -1.223 -1.1953 0.5157, 1.1988 -1.122 0.752, -1.1988 -1.122 0.752, -1.2006 -1.1396 0.752, 1.2004 -1.1438 0.752, 1.2205 -1.1918 0.752, 1.213 -1.1807 0.752, 1.2075 -1.1684 0.752, 1.2051 -1.1632 0.752, 1.1521 -1.6339 0.752, -1.2014 -1.1423 0.752, -1.2558 -1.223 0.752, -1.256 -1.3742 0.752, -1.2412 -1.2122 0.752, -1.1521 -1.6339 0.752, -1.2397 -1.2105 0.752, -1.2061 -1.1584 0.752, -1.2102 -1.1671 0.752, -1.2156 -1.1788 0.752, -1.2229 -1.1902 0.752, -1.2272 -1.1968 0.752, 1.256 -1.3742 0.752, 1.2559 -1.2231 0.752, 1.2003 -1.1426 0.752, 1.2391 -1.2112 0.752, 1.2376 -1.2101 0.752, 1.223 -1.1954 0.752, -1.1364 -1.6732 0.5551, 1.1364 -1.6732 0.5551, 1.1364 -1.6732 0.7126, -1.1364 -1.6732 0.7126
            ]
        }
        coordIndex [
            0,1,2,-1,2,1,3,-1,4,5,6,-1,6,5,7,-1,8,9,10,-1,10,9,11,-1,12,13,14,-1,14,13,15,-1,16,17,18,-1,19,20,21,-1,19,21,22,-1,22,21,0,-1,22,0,2,-1,20,19,18,-1,18,19,23,-1,18,23,16,-1,24,25,26,-1,26,25,27,-1,26,27,28,-1,28,27,29,-1,29,27,30,-1,29,30,17,-1,17,30,31,-1,17,31,18,-1,24,26,32,-1,32,26,33,-1,32,33,34,-1,35,36,37,-1,37,36,38,-1,35,37,39,-1,39,37,40,-1,39,40,34,-1,34,40,41,-1,34,41,32,-1,42,43,44,-1,44,43,45,-1,38,36,45,-1,45,36,46,-1,45,46,44,-1,42,44,4,-1,4,44,47,-1,4,47,5,-1,48,49,50,-1,51,52,53,-1,15,13,54,-1,15,54,53,-1,53,54,55,-1,53,55,51,-1,55,56,51,-1,51,56,57,-1,51,57,58,-1,58,57,59,-1,58,59,60,-1,60,59,61,-1,59,62,61,-1,61,62,63,-1,61,63,64,-1,64,63,65,-1,64,65,66,-1,66,65,67,-1,66,67,68,-1,68,67,69,-1,68,69,70,-1,70,69,71,-1,50,49,72,-1,72,49,73,-1,72,73,74,-1,69,75,71,-1,71,75,76,-1,71,76,77,-1,77,76,74,-1,77,74,78,-1,78,74,73,-1,48,50,1,-1,1,50,79,-1,1,79,3,-1,45,43,80,-1,21,20,80,-1,66,68,81,-1,81,68,70,-1,49,81,73,-1,73,81,78,-1,52,51,81,-1,81,51,58,-1,81,58,60,-1,70,71,81,-1,81,71,77,-1,81,77,78,-1,49,48,81,-1,81,48,1,-1,81,1,80,-1,80,1,0,-1,80,0,21,-1,20,18,80,-1,80,18,31,-1,80,31,30,-1,60,61,81,-1,81,61,64,-1,81,64,66,-1,30,27,80,-1,80,27,25,-1,80,25,24,-1,40,37,80,-1,80,37,38,-1,80,38,45,-1,24,32,80,-1,80,32,41,-1,80,41,40,-1,82,83,84,-1,82,84,85,-1,43,42,80,-1,80,42,4,-1,80,4,84,-1,84,4,6,-1,84,6,85,-1,86,87,88,-1,6,7,89,-1,6,89,85,-1,85,89,90,-1,85,90,82,-1,82,90,91,-1,82,91,83,-1,90,92,91,-1,91,92,93,-1,91,93,94,-1,94,93,95,-1,94,95,96,-1,96,95,97,-1,95,98,97,-1,97,98,99,-1,97,99,100,-1,100,99,101,-1,100,101,102,-1,102,101,103,-1,102,103,104,-1,104,103,105,-1,104,105,106,-1,106,105,107,-1,88,87,108,-1,108,87,109,-1,108,109,110,-1,105,111,107,-1,107,111,112,-1,107,112,113,-1,113,112,110,-1,113,110,114,-1,114,110,109,-1,86,88,11,-1,11,88,115,-1,11,115,10,-1,102,104,84,-1,116,117,118,-1,118,117,119,-1,118,119,120,-1,121,122,118,-1,83,91,84,-1,84,91,94,-1,84,94,96,-1,104,106,84,-1,84,106,107,-1,84,107,113,-1,96,97,84,-1,84,97,100,-1,84,100,102,-1,113,114,84,-1,84,114,109,-1,84,109,87,-1,118,123,124,-1,87,86,84,-1,84,86,11,-1,84,11,118,-1,118,11,9,-1,118,9,121,-1,124,125,118,-1,118,125,126,-1,118,126,116,-1,122,127,118,-1,118,127,128,-1,118,128,129,-1,129,130,118,-1,118,130,131,-1,118,131,123,-1,132,133,127,-1,134,122,121,-1,134,121,135,-1,135,121,9,-1,135,9,8,-1,122,134,127,-1,127,134,136,-1,127,136,132,-1,123,131,137,-1,137,131,130,-1,137,130,138,-1,138,130,139,-1,139,130,129,-1,139,129,133,-1,133,129,128,-1,133,128,127,-1,126,125,140,-1,140,125,137,-1,137,125,124,-1,137,124,123,-1,141,117,116,-1,140,142,126,-1,126,142,143,-1,126,143,116,-1,116,143,144,-1,116,144,141,-1,145,120,146,-1,146,120,119,-1,117,141,119,-1,119,141,147,-1,119,147,146,-1,145,146,14,-1,14,146,148,-1,14,148,12,-1,53,52,81,-1,120,145,118,-1,118,145,14,-1,118,14,81,-1,81,14,15,-1,81,15,53,-1,149,150,151,-1,152,153,150,-1,153,154,150,-1,150,154,155,-1,150,155,151,-1,156,150,157,-1,158,159,160,-1,160,159,161,-1,160,161,162,-1,162,161,156,-1,157,163,156,-1,156,163,164,-1,156,164,165,-1,165,166,156,-1,156,166,167,-1,156,167,162,-1,156,168,169,-1,81,80,170,-1,170,80,149,-1,170,149,171,-1,171,149,151,-1,169,172,156,-1,156,172,173,-1,156,173,150,-1,150,173,174,-1,150,174,152,-1,175,149,84,-1,84,149,80,-1,176,177,178,-1,179,180,177,-1,180,181,177,-1,177,181,182,-1,177,182,178,-1,183,177,184,-1,185,186,187,-1,187,186,188,-1,187,188,189,-1,189,188,183,-1,184,190,183,-1,183,190,191,-1,183,191,192,-1,192,193,183,-1,183,193,194,-1,183,194,189,-1,183,195,196,-1,84,118,175,-1,175,118,176,-1,175,176,197,-1,197,176,178,-1,196,198,183,-1,183,198,199,-1,183,199,177,-1,177,199,200,-1,177,200,179,-1,176,118,170,-1,170,118,81,-1,201,156,202,-1,202,156,161,-1,203,202,183,-1,183,202,161,-1,183,161,195,-1,195,161,159,-1,195,159,196,-1,196,159,158,-1,186,185,168,-1,168,185,169,-1,186,168,188,-1,188,168,156,-1,188,156,204,-1,204,156,201,-1,162,198,160,-1,160,198,196,-1,160,196,158,-1,149,175,150,-1,150,175,197,-1,150,197,157,-1,157,197,163,-1,163,197,178,-1,163,178,164,-1,178,182,164,-1,164,182,181,-1,164,181,165,-1,165,181,180,-1,165,180,166,-1,166,180,179,-1,166,179,167,-1,167,179,200,-1,167,200,162,-1,162,200,199,-1,162,199,198,-1,204,203,188,-1,188,203,183,-1,189,172,187,-1,187,172,169,-1,187,169,185,-1,176,170,177,-1,177,170,171,-1,177,171,184,-1,184,171,151,-1,184,151,190,-1,190,151,155,-1,190,155,191,-1,191,155,154,-1,191,154,192,-1,192,154,153,-1,192,153,193,-1,193,153,152,-1,193,152,194,-1,194,152,174,-1,194,174,189,-1,189,174,173,-1,189,173,172,-1,201,202,204,-1,204,202,203,-1,56,55,2,-1,92,90,8,-1,147,141,2,-1,56,2,57,-1,55,54,2,-1,2,54,13,-1,2,13,12,-1,75,69,2,-1,12,148,2,-1,2,148,146,-1,2,146,147,-1,111,105,8,-1,50,72,74,-1,69,67,2,-1,2,67,65,-1,2,65,63,-1,88,108,110,-1,92,8,93,-1,90,89,8,-1,8,89,7,-1,8,7,5,-1,46,36,8,-1,8,36,35,-1,63,62,2,-1,2,62,59,-1,2,59,57,-1,105,103,8,-1,8,103,101,-1,8,101,99,-1,5,47,8,-1,8,47,44,-1,8,44,46,-1,79,50,3,-1,3,50,74,-1,3,74,2,-1,2,74,76,-1,2,76,75,-1,115,88,10,-1,10,88,110,-1,10,110,8,-1,8,110,112,-1,8,112,111,-1,99,98,8,-1,8,98,95,-1,8,95,93,-1,29,17,28,-1,28,17,26,-1,16,34,17,-1,17,34,33,-1,17,33,26,-1,132,136,2,-1,141,144,2,-1,2,144,143,-1,2,143,142,-1,142,140,2,-1,2,140,137,-1,2,137,138,-1,16,23,34,-1,34,23,19,-1,34,19,22,-1,138,139,2,-1,2,139,133,-1,2,133,132,-1,136,134,2,-1,2,134,135,-1,2,135,8,-1,35,39,8,-1,8,39,34,-1,8,34,2,-1,2,34,22,-1,
        ]
    }
}
Shape{
    appearance Appearance {
        material  Material 	{
            diffuseColor 0.9686274509803922 0.8784313725490196 0.6
            specularColor 0.6784313725490196 0.615686274509804 0.4196078431372549
            ambientIntensity 0.8737
            transparency 0.0
            shininess 0.5
        }
    }
    geometry IndexedFaceSet {
        ccw TRUE
        solid FALSE
        coord DEF co Coordinate {
            point [
                -1.122 -0.1968 0.4961, -1.0433 -0.1968 0.4961, -1.122 -0.248 0.4961, -1.0433 -0.248 0.4961, -1.1417 -0.3268 0.4961, -1.0236 -0.3268 0.4961, -1.1417 -1.5101 0.4961, -1.0236 -1.5101 0.4961, -1.1417 -1.626 0.5551, -1.0236 -1.626 0.5551, -1.1417 -0.3268 0.5551, -1.0236 -0.3268 0.5551, -1.122 -0.248 0.5551, -1.0433 -0.248 0.5551, -1.122 -0.1968 0.5551, -1.0433 -0.1968 0.5551, -1.1417 -1.626 0.5347, -1.0236 -1.626 0.5347, -0.4331 -1.2345 0.4961, -0.5512 -1.2345 0.4961, -0.4331 -0.0512 0.4961, -0.5512 -0.0512 0.4961, -0.4528 0.0276 0.4961, -0.5315 0.0276 0.4961, -0.4528 0.0787 0.4961, -0.5315 0.0787 0.4961, -0.5512 -1.3504 0.5551, -0.4331 -1.3504 0.5551, -0.5512 -0.0512 0.5551, -0.4331 -0.0512 0.5551, -0.5315 0.0276 0.5551, -0.4528 0.0276 0.5551, -0.5315 0.0787 0.5551, -0.4528 0.0787 0.5551, -0.5512 -1.3504 0.5347, -0.4331 -1.3504 0.5347, -0.3543 -1.3504 0.7323, -0.2362 -1.3504 0.7323, -0.3543 -1.2323 0.7717, -0.2362 -1.2323 0.7717, -0.3543 -0.0512 0.7717, -0.3543 -0.0512 0.7126, -0.3543 -1.3504 0.7126, -0.2559 0.0787 0.7717, -0.3346 0.0787 0.7717, -0.2559 0.0276 0.7717, -0.3346 0.0276 0.7717, -0.2362 -0.0512 0.7717, -0.2362 -0.0512 0.7126, -0.2362 -1.3504 0.7126, -0.2559 0.0276 0.7126, -0.3346 0.0276 0.7126, -0.2559 0.0787 0.7126, -0.3346 0.0787 0.7126, 1.1417 -1.5101 0.4961, 1.1417 -1.626 0.5347, 1.0236 -1.5101 0.4961, 1.0236 -1.626 0.5347, 1.1417 -0.3268 0.4961, 1.0236 -0.3268 0.4961, 1.122 -0.248 0.4961, 1.0433 -0.248 0.4961, 1.122 -0.1968 0.4961, 1.0433 -0.1968 0.4961, 1.0236 -0.3268 0.5551, 1.0236 -1.626 0.5551, 1.1417 -1.626 0.5551, 1.1417 -0.3268 0.5551, 1.0433 -0.248 0.5551, 1.0433 -0.1968 0.5551, 1.122 -0.248 0.5551, 1.122 -0.1968 0.5551
            ]
        }
        coordIndex [
            0,1,2,-1,2,1,3,-1,2,3,4,-1,4,3,5,-1,4,5,6,-1,6,5,7,-1,8,9,10,-1,10,9,11,-1,10,11,12,-1,12,11,13,-1,12,13,14,-1,14,13,15,-1,2,12,0,-1,0,12,14,-1,4,10,2,-1,2,10,12,-1,10,4,8,-1,8,4,6,-1,8,6,16,-1,7,17,6,-1,6,17,16,-1,5,11,7,-1,7,11,9,-1,7,9,17,-1,13,11,3,-1,3,11,5,-1,13,3,15,-1,15,3,1,-1,17,9,16,-1,16,9,8,-1,1,0,15,-1,15,0,14,-1,18,19,20,-1,20,19,21,-1,20,21,22,-1,22,21,23,-1,22,23,24,-1,24,23,25,-1,26,27,28,-1,28,27,29,-1,28,29,30,-1,30,29,31,-1,30,31,32,-1,32,31,33,-1,23,30,25,-1,25,30,32,-1,21,28,23,-1,23,28,30,-1,28,21,26,-1,26,21,19,-1,26,19,34,-1,18,35,19,-1,19,35,34,-1,20,29,18,-1,18,29,27,-1,18,27,35,-1,31,29,22,-1,22,29,20,-1,31,22,33,-1,33,22,24,-1,35,27,34,-1,34,27,26,-1,24,25,33,-1,33,25,32,-1,36,37,38,-1,38,37,39,-1,40,41,38,-1,38,41,42,-1,38,42,36,-1,43,44,45,-1,45,44,46,-1,45,46,47,-1,47,46,40,-1,47,40,39,-1,39,40,38,-1,48,47,49,-1,49,47,39,-1,49,39,37,-1,49,37,42,-1,42,37,36,-1,49,42,48,-1,48,42,41,-1,48,41,50,-1,50,41,51,-1,50,51,52,-1,52,51,53,-1,41,40,51,-1,51,40,46,-1,45,50,43,-1,43,50,52,-1,45,47,50,-1,50,47,48,-1,51,46,53,-1,53,46,44,-1,44,43,53,-1,53,43,52,-1,54,55,56,-1,56,55,57,-1,54,56,58,-1,58,56,59,-1,58,59,60,-1,60,59,61,-1,60,61,62,-1,62,61,63,-1,64,59,65,-1,65,59,56,-1,65,56,57,-1,57,55,65,-1,65,55,66,-1,58,67,54,-1,54,67,66,-1,54,66,55,-1,61,68,63,-1,63,68,69,-1,59,64,61,-1,61,64,68,-1,70,67,60,-1,60,67,58,-1,70,60,71,-1,71,60,62,-1,71,69,70,-1,70,69,68,-1,70,68,67,-1,67,68,64,-1,67,64,66,-1,66,64,65,-1,62,63,71,-1,71,63,69,-1,
        ]
    }
}
Shape{
    appearance Appearance {
        material  Material 	{
            diffuseColor 0.7529411764705882 0.7529411764705882 0.7529411764705882
            specularColor 0.3764705882352941 0.3764705882352941 0.3764705882352941
            ambientIntensity 0.7529
            transparency 0.0
            shininess 0.5
        }
    }
    geometry IndexedFaceSet {
        ccw TRUE
        solid FALSE
        coord DEF co Coordinate {
            point [
                0.7874 -0.1083 0.6634, 0.7874 -0.1083 0.6043, 0.781 -0.1081 0.6043, 0.7746 -0.1072 0.6634, 0.7746 -0.1072 0.6043, 0.7678 -0.1066 0.6634, 0.7619 -0.1054 0.6043, 0.7495 -0.1015 0.6634, 0.7495 -0.1012 0.6043, 0.7492 -0.1014 0.6634, 0.744 -0.0994 0.6043, 0.7317 -0.0929 0.6634, 0.7269 -0.0897 0.6043, 0.7268 -0.0893 0.6634, 0.7266 -0.0895 0.6043, 0.7159 -0.0813 0.6634, 0.7117 -0.0773 0.6043, 0.7074 -0.0725 0.6634, 0.7075 -0.0724 0.6043, 0.7037 -0.0686 0.6634, 0.6991 -0.0627 0.6043, 0.6928 -0.0523 0.6634, 0.6926 -0.0514 0.6043, 0.6925 -0.0516 0.6634, 0.6894 -0.0458 0.6043, 0.6845 -0.0338 0.6634, 0.6829 -0.0277 0.6043, 0.683 -0.0277 0.6634, 0.6826 -0.027 0.6043, 0.68 -0.0152 0.6634, 0.6793 -0.0081 0.6043, 0.6794 -0.0022 0.6634, 0.6793 -0.0022 0.6043, 0.6791 0.0037 0.6634, 0.6794 0.0092 0.6043, 0.6816 0.0229 0.6634, 0.6821 0.0233 0.6043, 0.6818 0.0234 0.6634, 0.6832 0.0287 0.6043, 0.6875 0.0419 0.6634, 0.6903 0.0475 0.6043, 0.6905 0.0476 0.6634, 0.6904 0.0476 0.6043, 0.6964 0.0588 0.6634, 0.7003 0.0641 0.6043, 0.7045 0.0691 0.6634, 0.7046 0.0691 0.6043, 0.7085 0.0741 0.6634, 0.7131 0.0787 0.6043, 0.7131 0.0787 0.6634, -1.0729 -0.0008 0.6043, -1.0868 -0.005 0.6043, -1.2185 0.0787 0.6043, -1.0993 -0.0125 0.6043, -1.1096 -0.0227 0.6043, -1.117 -0.0352 0.6043, -1.117 -1.2246 0.6043, -1.1096 -1.2371 0.6043, -1.2393 -1.1825 0.6043, -1.0868 -1.2548 0.6043, -1.0776 -1.3904 0.6043, -1.0879 -1.4007 0.6043, -1.2145 -1.5947 0.6043, -1.3169 -1.3643 0.6043, 1.117 -0.0352 0.6043, 1.1096 -0.0227 0.6043, 1.2185 0.0787 0.6043, 1.0993 -0.0125 0.6043, 1.0868 -0.005 0.6043, -1.0954 -1.4132 0.6043, -1.0993 -1.2474 0.6043, -1.0996 -1.4271 0.6043, -1.1004 -1.437 0.6043, -1.1004 -1.5787 0.6043, -1.3169 -1.2205 0.6043, -1.3004 -1.2191 0.6043, -1.2772 -1.2121 0.6043, -1.2564 -1.1997 0.6043, 1.0729 -0.0008 0.6043, 1.063 0.0 0.6043, 0.8617 0.0787 0.6043, 1.0138 0.0 0.6043, 1.0039 -0.0008 0.6043, 0.6192 -0.0492 0.6043, 0.6151 -0.0352 0.6043, 0.8491 -0.2196 0.6043, -0.8858 -1.259 0.6043, -0.8719 -1.2548 0.6043, -0.7972 -1.3779 0.6043, -0.7382 -1.3189 0.6043, -0.8491 -1.2371 0.6043, -0.8416 -1.2246 0.6043, 0.99 -0.005 0.6043, 0.9775 -0.0125 0.6043, 0.8706 0.0693 0.6043, 1.0996 -1.4271 0.6043, 1.0954 -1.4132 0.6043, 1.3169 -1.3643 0.6043, -0.7257 -0.9165 0.6043, -0.8366 -0.2559 0.6043, -0.7154 -0.9062 0.6043, -0.703 -0.8987 0.6043, -1.1785 -1.6181 0.6043, -1.1862 -1.6174 0.6043, -1.1212 -1.2107 0.6043, -1.2269 -1.1617 0.6043, -1.122 -1.2008 0.6043, -0.8617 0.0787 0.6043, -0.9775 -0.0125 0.6043, -0.99 -0.005 0.6043, 1.1004 -1.437 0.6043, 1.0776 -1.3904 0.6043, 1.0652 -1.383 0.6043, 1.2393 -1.1825 0.6043, 1.0512 -1.3788 0.6043, 1.0413 -1.3779 0.6043, -1.0652 -1.383 0.6043, -1.0729 -1.259 0.6043, -1.0512 -1.3788 0.6043, -0.7874 -1.3771 0.6043, -0.8594 -1.2474 0.6043, -0.7734 -1.3729 0.6043, -0.739 -1.3288 0.6043, -0.7432 -1.3427 0.6043, 0.8846 0.0477 0.6043, 0.9672 -0.0227 0.6043, 0.8931 0.0234 0.6043, -1.0039 -0.0008 0.6043, -1.0138 0.0 0.6043, -1.063 0.0 0.6043, -0.7507 -1.3552 0.6043, -0.7609 -1.3655 0.6043, -1.1398 -1.6181 0.6043, -1.1332 -1.6175 0.6043, -1.1009 -1.5853 0.6043, -1.1037 -1.5946 0.6043, -1.1087 -1.6029 0.6043, -1.1156 -1.6098 0.6043, -1.1239 -1.6148 0.6043, -1.1956 -1.6142 0.6043, -1.204 -1.6088 0.6043, -1.2107 -1.6014 0.6043, 0.932 -0.1844 0.6043, 0.9195 -0.1918 0.6043, 0.8482 -0.0896 0.6043, 0.703 -0.7706 0.6043, 0.7154 -0.7631 0.6043, 0.8366 -1.2008 0.6043, 0.7257 -0.7528 0.6043, 0.7332 -0.7403 0.6043, -0.5709 -0.0008 0.6043, -0.5848 -0.005 0.6043, -0.7131 0.0787 0.6043, -0.5973 -0.0125 0.6043, -0.7043 0.0693 0.6043, -0.7332 -0.9289 0.6043, -0.7374 -0.9429 0.6043, -0.8366 -1.2008 0.6043, -0.8374 -1.2107 0.6043, -0.7382 -0.9528 0.6043, -1.1212 -0.0492 0.6043, -1.122 -0.059 0.6043, -1.2185 -1.122 0.6043, -1.2199 -1.1385 0.6043, 0.8594 -0.2093 0.6043, 0.5848 -0.005 0.6043, 0.5973 -0.0125 0.6043, 0.7382 -1.3189 0.6043, 0.8491 -1.2371 0.6043, 0.739 -1.3288 0.6043, 0.8594 -1.2474 0.6043, 0.7432 -1.3427 0.6043, 0.7507 -1.3552 0.6043, 0.7154 -0.2093 0.6043, 0.703 -0.2019 0.6043, 0.8416 -0.2321 0.6043, 0.6201 -0.1378 0.6043, 0.6201 -0.059 0.6043, 1.0879 -1.4007 0.6043, 1.2564 -1.1997 0.6043, 1.2772 -1.2121 0.6043, 1.3004 -1.2191 0.6043, 1.3169 -1.2205 0.6043, 0.8956 -0.0022 0.6043, 0.9597 -0.0352 0.6043, 0.8921 -0.0277 0.6043, 0.9556 -0.0492 0.6043, 0.8825 -0.0517 0.6043, 0.6076 -0.0227 0.6043, -0.7257 -0.7528 0.6043, -0.7154 -0.7631 0.6043, 0.7257 -0.9165 0.6043, 0.7154 -0.9062 0.6043, 0.703 -0.8987 0.6043, 0.689 -0.8945 0.6043, 1.0729 -1.259 0.6043, 1.0868 -1.2548 0.6043, 1.0993 -1.2474 0.6043, 0.8374 -0.246 0.6043, 0.7332 -0.2321 0.6043, 0.7257 -0.2196 0.6043, 0.5709 -0.0008 0.6043, 0.561 0.0 0.6043, -0.561 0.0 0.6043, -0.6902 0.0477 0.6043, -0.6076 -0.0227 0.6043, -0.6817 0.0234 0.6043, 1.1826 -1.6172 0.6043, 1.1734 -1.6181 0.6043, 1.1004 -1.5709 0.6043, -1.0413 -1.3779 0.6043, -1.063 -1.2598 0.6043, -0.8957 -1.2598 0.6043, 0.8003 -0.1075 0.6043, 0.8719 -0.2019 0.6043, 0.8253 -0.1014 0.6043, 0.8858 -0.1977 0.6043, 0.9423 -0.1741 0.6043, -0.6791 -0.1968 0.6043, -0.689 -0.1977 0.6043, -0.6201 -0.1378 0.6043, -0.703 -0.2019 0.6043, -0.7154 -0.2093 0.6043, -0.8416 -0.2321 0.6043, 0.8719 -1.2548 0.6043, 0.7972 -1.3779 0.6043, 0.7874 -1.3771 0.6043, 0.7734 -1.3729 0.6043, 0.7609 -1.3655 0.6043, 0.689 -0.1977 0.6043, 0.6791 -0.1968 0.6043, 0.6692 -0.196 0.6043, 1.2166 -1.5901 0.6043, 1.212 -1.5981 0.6043, 0.9056 -0.196 0.6043, 0.8957 -0.1968 0.6043, 0.9547 -0.059 0.6043, 0.9547 -0.1378 0.6043, 0.8676 -0.0727 0.6043, 0.9539 -0.1477 0.6043, 0.9497 -0.1616 0.6043, -0.7332 -0.7403 0.6043, -0.703 -0.7706 0.6043, -0.689 -0.7748 0.6043, -0.689 -0.8945 0.6043, -0.7072 -0.0727 0.6043, -0.6923 -0.0517 0.6043, -0.6151 -0.0352 0.6043, -0.6827 -0.0277 0.6043, -0.6792 -0.0022 0.6043, -0.6201 -0.059 0.6043, -0.8491 -0.2196 0.6043, -0.6192 -0.0492 0.6043, -0.8003 -0.1075 0.6043, -0.7874 -0.1083 0.6043, -0.8594 -0.2093 0.6043, -0.7745 -0.1075 0.6043, -0.7495 -0.1014 0.6043, -0.7266 -0.0896 0.6043, 1.1476 -1.6181 0.6043, 1.1397 -1.6174 0.6043, 1.1011 -1.5788 0.6043, 1.1286 -1.6141 0.6043, 0.8374 -1.2107 0.6043, 0.8416 -1.2246 0.6043, 0.7382 -0.9528 0.6043, 0.7374 -0.9429 0.6043, 0.7332 -0.9289 0.6043, 1.122 -1.2008 0.6043, 1.122 -0.059 0.6043, 1.1212 -0.0492 0.6043, 1.2039 -1.6069 0.6043, 1.1939 -1.6134 0.6043, 1.1186 -1.6081 0.6043, 1.1104 -1.5999 0.6043, 1.1044 -1.5899 0.6043, -0.6692 -0.196 0.6043, -0.6209 -0.1477 0.6043, -0.6251 -0.1616 0.6043, 0.8858 -1.259 0.6043, 0.8957 -1.2598 0.6043, 1.063 -1.2598 0.6043, 1.1096 -1.2371 0.6043, 1.117 -1.2246 0.6043, 1.2269 -1.1617 0.6043, 1.1212 -1.2107 0.6043, 1.2199 -1.1385 0.6043, 1.2185 -1.122 0.6043, 0.7374 -0.7264 0.6043, 0.7382 -0.7165 0.6043, 0.8366 -0.2559 0.6043, 0.7382 -0.2559 0.6043, 0.7374 -0.246 0.6043, 0.6428 -0.1844 0.6043, 0.6326 -0.1741 0.6043, 0.6553 -0.1918 0.6043, 0.6251 -0.1616 0.6043, 0.6209 -0.1477 0.6043, -0.8706 0.0693 0.6043, -0.8846 0.0477 0.6043, -0.9672 -0.0227 0.6043, -0.8931 0.0234 0.6043, -0.9597 -0.0352 0.6043, -0.8956 -0.0022 0.6043, -0.9556 -0.0492 0.6043, -0.8921 -0.0277 0.6043, -0.9547 -0.059 0.6043, -0.8825 -0.0517 0.6043, -0.8253 -0.1014 0.6043, -0.8719 -0.2019 0.6043, -0.8482 -0.0896 0.6043, -0.8858 -0.1977 0.6043, -0.8957 -0.1968 0.6043, -0.7374 -0.7264 0.6043, -0.7382 -0.7165 0.6043, -0.9056 -0.196 0.6043, -0.9195 -0.1918 0.6043, -0.932 -0.1844 0.6043, -0.6326 -0.1741 0.6043, -0.6428 -0.1844 0.6043, -0.6553 -0.1918 0.6043, -0.9423 -0.1741 0.6043, -0.9497 -0.1616 0.6043, -0.8676 -0.0727 0.6043, -0.9539 -0.1477 0.6043, -0.9547 -0.1378 0.6043, -0.7257 -0.2196 0.6043, -0.7332 -0.2321 0.6043, -0.8374 -0.246 0.6043, -0.7374 -0.246 0.6043, -0.7382 -0.2559 0.6043, -0.6791 -0.8937 0.6043, -0.6791 -0.7756 0.6043, 0.6791 -0.8937 0.6043, 0.6791 -0.7756 0.6043, 0.689 -0.7748 0.6043, 0.794 -0.1081 0.6634, 0.8617 0.0787 0.6634, 0.8703 0.0691 0.6634, 0.8745 0.0644 0.6634, 0.8002 -0.1072 0.6634, 0.8132 -0.1053 0.6634, 0.8482 -0.0895 0.6634, 0.8313 -0.0991 0.6634, 0.8252 -0.1012 0.6634, 0.8487 -0.0892 0.6634, 0.8635 -0.077 0.6634, 0.8674 -0.0725 0.6634, 0.8759 -0.0627 0.6634, 0.8823 -0.0515 0.6634, 0.8854 -0.0459 0.6634, 0.8954 -0.0076 0.6634, 0.8921 -0.0268 0.6634, 0.8918 -0.0276 0.6634, 0.8954 -0.0022 0.6634, 0.8953 0.0101 0.6634, 0.8927 0.0233 0.6634, 0.8915 0.0295 0.6634, 0.8845 0.0477 0.6634, 0.8844 0.048 0.6634, 1.212 -1.5981 0.6634, 1.2166 -1.5901 0.6634, 1.1004 -1.437 0.6634, 1.0512 -1.3791 0.6634, 1.0558 -1.3797 0.6634, 1.063 -1.2598 0.6634, 1.065 -1.3833 0.6634, 1.069 -1.3848 0.6634, 0.723 -0.756 0.6634, 0.7153 -0.7629 0.6634, 0.6936 -0.8954 0.6634, 0.7119 -0.7659 0.6634, 0.703 -0.7707 0.6634, 0.8812 -1.2581 0.6634, 0.7972 -1.3779 0.6634, 0.8858 -1.2587 0.6634, 0.8957 -1.2598 0.6634, 1.0728 -0.0012 0.6634, 1.0775 -0.0017 0.6634, 1.2185 0.0787 0.6634, 1.0413 -1.3779 0.6634, -1.0987 -1.4225 0.6634, -1.3169 -1.3643 0.6634, -1.0992 -1.4272 0.6634, -1.1004 -1.437 0.6634, -0.6208 -0.1477 0.6634, -0.6201 -0.1378 0.6634, -0.6989 -0.0626 0.6634, 1.0958 -1.2502 0.6634, 1.0991 -1.2472 0.6634, 1.3169 -1.3643 0.6634, 1.1068 -1.2403 0.6634, 1.1093 -1.2369 0.6634, 0.7021 -0.7713 0.6634, 0.6891 -0.7748 0.6634, 0.689 -0.8949 0.6634, 0.6791 -0.8937 0.6634, -1.0935 -1.4093 0.6634, -1.0775 -1.2581 0.6634, -1.0951 -1.4133 0.6634, -1.1167 -0.0353 0.6634, -1.1152 -0.0313 0.6634, -1.2185 0.0787 0.6634, -1.1093 -0.023 0.6634, -1.1068 -0.0195 0.6634, -1.0991 -0.0127 0.6634, -1.0958 -0.0097 0.6634, -1.0869 -0.0048 0.6634, -1.0859 -0.0043 0.6634, -1.073 -0.0007 0.6634, 1.0774 -1.3907 0.6634, 1.0808 -1.3932 0.6634, 1.073 -1.2591 0.6634, 1.0859 -1.2555 0.6634, 1.0869 -1.255 0.6634, 1.0907 -1.4042 0.6634, 1.0877 -1.4009 0.6634, 1.0997 -1.4271 0.6634, 0.7186 -0.9089 0.6634, 0.8366 -0.2559 0.6634, 0.7152 -0.9065 0.6634, 0.7068 -0.9006 0.6634, 0.9616 -0.0313 0.6634, -0.8595 -1.2472 0.6634, -0.7577 -1.3627 0.6634, -0.7509 -1.355 0.6634, 1.0955 -1.4131 0.6634, 1.0961 -1.4141 0.6634, 1.0997 -1.427 0.6634, 0.7365 -0.731 0.6634, 0.7329 -0.7402 0.6634, 0.7028 -0.899 0.6634, 0.7313 -0.7442 0.6634, 0.7254 -0.7526 0.6634, -1.2145 -1.5947 0.6634, -1.2105 -1.6013 0.6634, -1.2095 -1.6031 0.6634, -1.2038 -1.6086 0.6634, -1.2026 -1.6099 0.6634, -1.1956 -1.6142 0.6634, -1.1951 -1.6145 0.6634, -1.1868 -1.6173 0.6634, -1.1862 -1.6173 0.6634, -1.1157 -1.6095 0.6634, -1.113 -1.6076 0.6634, -1.1088 -1.6028 0.6634, -1.1025 -1.2446 0.6634, -1.1094 -1.2369 0.6634, -1.1124 -1.2336 0.6634, -1.1172 -1.2247 0.6634, -1.1177 -1.2237 0.6634, -0.723 -0.9132 0.6634, -0.7153 -0.9064 0.6634, -0.6936 -0.7739 0.6634, -0.7119 -0.9034 0.6634, -0.703 -0.8985 0.6634, -0.8419 -1.2245 0.6634, -0.7382 -1.3189 0.6634, -0.8383 -1.2153 0.6634, -0.7382 -0.9528 0.6634, -0.8378 -1.2106 0.6634, -0.8366 -1.2008 0.6634, -0.7068 -0.7687 0.6634, -0.7365 -0.9383 0.6634, -0.7329 -0.929 0.6634, -1.0039 -0.0012 0.6634, -0.9993 -0.0017 0.6634, -0.8617 0.0787 0.6634, -0.9901 -0.0053 0.6634, 1.0867 -0.0053 0.6634, 1.0907 -0.0069 0.6634, 1.0991 -0.0128 0.6634, 1.1025 -0.0152 0.6634, 1.1094 -0.0229 0.6634, 1.1124 -0.0263 0.6634, -0.8435 -1.2285 0.6634, -0.8494 -1.2369 0.6634, -0.7389 -1.3288 0.6634, -0.8518 -1.2403 0.6634, -0.7389 -1.3289 0.6634, -0.8629 -1.2502 0.6634, -0.7695 -1.3711 0.6634, -0.7612 -1.3652 0.6634, 0.745 -1.3466 0.6634, 0.751 -1.355 0.6634, 0.8562 -1.2446 0.6634, 0.7534 -1.3584 0.6634, 0.7611 -1.3653 0.6634, 0.8493 -1.2369 0.6634, 0.8463 -1.2336 0.6634, 0.7382 -1.3189 0.6634, 0.7255 -0.9166 0.6634, 0.7285 -0.92 0.6634, 0.7333 -0.9288 0.6634, 0.8415 -1.2247 0.6634, 0.8409 -1.2237 0.6634, 0.8374 -1.2107 0.6634, -1.1398 -1.6181 0.6634, -1.1332 -1.6173 0.6634, -1.1064 -1.6 0.6634, -1.1037 -1.5946 0.6634, -1.1026 -1.5923 0.6634, -1.101 -1.5853 0.6634, -1.0867 -1.2545 0.6634, -1.0907 -1.253 0.6634, -1.0991 -1.2471 0.6634, -1.0729 -0.0007 0.6634, -1.063 0.0 0.6634, -1.0138 0.0 0.6634, -0.8932 0.0229 0.6634, -0.893 0.0234 0.6634, -0.9644 -0.0263 0.6634, -0.6795 0.0101 0.6634, -0.6795 -0.0022 0.6634, -0.6132 -0.0313 0.6634, -0.6794 -0.0076 0.6634, -0.6148 -0.0353 0.6634, -0.6827 -0.0268 0.6634, -0.6184 -0.0446 0.6634, -0.5938 -0.0097 0.6634, -0.5849 -0.0048 0.6634, -0.7131 0.0787 0.6634, -0.584 -0.0043 0.6634, -0.571 -0.0007 0.6634, 0.7186 -0.2121 0.6634, 0.7255 -0.2198 0.6634, 0.8383 -0.2414 0.6634, 0.7285 -0.2231 0.6634, 0.7333 -0.232 0.6634, 0.5709 -0.0012 0.6634, 0.5755 -0.0017 0.6634, 0.5847 -0.0053 0.6634, 0.96 -0.0353 0.6634, 0.9564 -0.0446 0.6634, 0.981 -0.0097 0.6634, 0.9899 -0.0048 0.6634, 0.9908 -0.0043 0.6634, 1.0038 -0.0007 0.6634, 1.1172 -0.0351 0.6634, 1.1177 -0.0361 0.6634, 1.1213 -0.0491 0.6634, -0.7479 -1.3517 0.6634, -0.743 -1.3428 0.6634, -0.7425 -1.3418 0.6634, -0.8718 -1.255 0.6634, -0.7972 -1.3779 0.6634, -0.7874 -1.3768 0.6634, -0.7828 -1.3762 0.6634, -0.7735 -1.3726 0.6634, 1.0729 -1.2591 0.6634, -1.1006 -1.5835 0.6634, -1.1004 -1.5787 0.6634, -1.0876 -1.4009 0.6634, -1.0852 -1.3975 0.6634, -1.0728 -1.2587 0.6634, -1.0775 -1.3906 0.6634, -1.063 -1.2598 0.6634, -1.0741 -1.3876 0.6634, -0.8957 -1.2598 0.6634, -1.0652 -1.3828 0.6634, -1.0643 -1.3823 0.6634, -1.1213 -1.2107 0.6634, -1.2751 -1.2117 0.6634, -1.2771 -1.2124 0.6634, -1.292 -1.2176 0.6634, -0.7028 -0.7703 0.6634, -0.7313 -0.925 0.6634, -0.7254 -0.9167 0.6634, -0.9861 -0.0069 0.6634, -0.9777 -0.0128 0.6634, -0.9743 -0.0152 0.6634, -0.5972 -0.0127 0.6634, -0.7045 0.0691 0.6634, -0.6049 -0.0195 0.6634, -0.7003 0.0644 0.6634, -0.6904 0.048 0.6634, 0.6104 -0.0263 0.6634, 0.6936 -0.1986 0.6634, 0.7028 -0.2021 0.6634, 0.8435 -0.2282 0.6634, 0.7068 -0.2037 0.6634, 0.7152 -0.2096 0.6634, 0.8629 -0.2065 0.6634, 0.9776 -0.0127 0.6634, 0.9699 -0.0195 0.6634, -1.0513 -1.3787 0.6634, -1.0512 -1.3787 0.6634, -1.0413 -1.3779 0.6634, 1.1047 -1.5898 0.6634, 1.1826 -1.617 0.6634, 1.1019 -1.5828 0.6634, 1.1014 -1.5787 0.6634, 1.185 -1.6167 0.6634, 1.1004 -1.5709 0.6634, 1.1938 -1.6132 0.6634, 1.1958 -1.6124 0.6634, 1.2039 -1.6069 0.6634, 0.872 -1.2545 0.6634, 0.868 -1.253 0.6634, 0.7873 -1.3772 0.6634, 0.8596 -1.2471 0.6634, 0.7873 -1.3772 0.6634, 0.7394 -1.3287 0.6634, 0.7399 -1.3334 0.6634, 0.7435 -1.3426 0.6634, -1.1785 -1.6181 0.6634, -1.3005 -1.2188 0.6634, -1.3103 -1.2203 0.6634, -1.3169 -1.2205 0.6634, 0.689 -0.7749 0.6634, 0.6791 -0.7756 0.6634, -0.6791 -0.8937 0.6634, -0.6791 -0.7756 0.6634, -0.689 -0.8944 0.6634, -0.689 -0.7744 0.6634, -0.6891 -0.8944 0.6634, -0.7021 -0.898 0.6634, -0.7152 -0.7628 0.6634, -0.7186 -0.7604 0.6634, -0.7255 -0.7527 0.6634, -0.8493 -0.2198 0.6634, -0.8463 -0.2231 0.6634, -0.7365 -0.2414 0.6634, -0.8415 -0.232 0.6634, -0.8812 -0.1986 0.6634, -0.872 -0.2021 0.6634, -0.7313 -0.2282 0.6634, -0.868 -0.2037 0.6634, -0.7329 -0.2322 0.6634, -0.8596 -0.2096 0.6634, -0.8562 -0.2121 0.6634, -0.7615 -0.1053 0.6634, -0.7119 -0.2065 0.6634, -0.703 -0.2017 0.6634, 0.737 -0.7264 0.6634, 0.7382 -0.7165 0.6634, 0.5887 -0.0069 0.6634, 0.5971 -0.0128 0.6634, 0.6005 -0.0152 0.6634, 1.3005 -1.219 0.6634, 1.1203 -1.2153 0.6634, 1.3169 -1.2205 0.6634, 1.1167 -1.2245 0.6634, 1.1152 -1.2285 0.6634, -0.8727 -1.2555 0.6634, -0.8857 -1.2591 0.6634, -0.8858 -1.2591 0.6634, 1.2045 -1.6065 0.6634, 1.2116 -1.5987 0.6634, 0.7645 -1.3683 0.6634, 0.7733 -1.3731 0.6634, 0.7743 -1.3736 0.6634, 0.8373 -1.2107 0.6634, 0.8366 -1.2008 0.6634, 0.7382 -0.9528 0.6634, -1.13 -1.6169 0.6634, -1.124 -1.6145 0.6634, -1.1211 -1.6133 0.6634, -0.7285 -0.7493 0.6634, -0.7333 -0.7404 0.6634, -0.7339 -0.7395 0.6634, -0.9674 -0.0229 0.6634, -0.8873 0.0419 0.6634, -0.8843 0.0476 0.6634, -0.8784 0.0588 0.6634, -0.8257 -0.1013 0.6634, -0.723 -0.2164 0.6634, -0.8253 -0.1015 0.6634, -0.8071 -0.1065 0.6634, -0.8432 -0.0928 0.6634, -0.848 -0.0893 0.6634, -0.7254 -0.2198 0.6634, -0.7495 -0.1012 0.6634, -0.7021 -0.2012 0.6634, -0.7435 -0.0992 0.6634, -0.6925 -0.0515 0.6634, -0.6903 0.0477 0.6634, -0.6833 0.0295 0.6634, -0.6821 0.0233 0.6634, -0.5709 -0.0007 0.6634, -0.561 0.0 0.6634, 0.561 0.0 0.6634, 0.8419 -0.2322 0.6634, 1.0039 -0.0007 0.6634, 1.0138 0.0 0.6634, 1.063 0.0 0.6634, 1.298 -1.2187 0.6634, 1.2804 -1.2136 0.6634, 1.2773 -1.212 0.6634, 1.2273 -1.1638 0.6634, 1.1209 -1.2106 0.6634, 1.2266 -1.1618 0.6634, 1.122 -1.2008 0.6634, 1.2214 -1.147 0.6634, 1.2201 -1.1385 0.6634, 1.1062 -1.5936 0.6634, 1.1106 -1.5997 0.6634, 1.1131 -1.603 0.6634, 1.1188 -1.6079 0.6634, 1.1225 -1.6111 0.6634, 1.1286 -1.614 0.6634, -1.122 -0.059 0.6634, -1.1209 -0.0492 0.6634, -1.1203 -0.0446 0.6634, -1.22 -1.1385 0.6634, -1.2202 -1.141 0.6634, -1.122 -1.2008 0.6634, -1.2254 -1.1586 0.6634, -1.1213 -1.2107 0.6634, -0.8703 0.0691 0.6634, -0.8663 0.0741 0.6634, -0.7746 -0.1072 0.6634, -0.7806 -0.1081 0.6634, -0.7153 -0.2095 0.6634, -0.7874 -0.1083 0.6634, -0.8003 -0.1071 0.6634, -0.6891 -0.1976 0.6634, -0.7261 -0.0893 0.6634, -0.7266 -0.0896 0.6634, -0.683 -0.0276 0.6634, -0.6894 -0.0459 0.6634, -0.6189 -0.0492 0.6634, -0.6201 -0.059 0.6634, 0.7339 -0.233 0.6634, 0.7375 -0.2459 0.6634, 0.8378 -0.246 0.6634, 0.7375 -0.246 0.6634, 0.7382 -0.2559 0.6634, 0.6074 -0.0229 0.6634, 0.8518 -0.2164 0.6634, 0.8494 -0.2198 0.6634, 1.2642 -1.2052 0.6634, 1.2567 -1.1993 0.6634, 1.2491 -1.1933 0.6634, 1.2394 -1.1825 0.6634, 1.2364 -1.1791 0.6634, 1.132 -1.6157 0.6634, 1.1398 -1.6173 0.6634, 1.1427 -1.6179 0.6634, 1.1476 -1.6181 0.6634, 0.7339 -0.9298 0.6634, 0.7375 -0.9428 0.6634, 0.7375 -0.9429 0.6634, -1.2185 -1.122 0.6634, -1.2456 -1.1898 0.6634, -1.2397 -1.1822 0.6634, -1.2338 -1.1748 0.6634, -1.2565 -1.1996 0.6634, -1.2598 -1.2026 0.6634, -0.8858 -0.198 0.6634, -0.8591 -0.0812 0.6634, -0.8957 -0.1968 0.6634, -0.9056 -0.1961 0.6634, -0.6073 -0.023 0.6634, 0.8595 -0.2095 0.6634, 0.8857 -0.1976 0.6634, 0.8727 -0.2012 0.6634, 0.8718 -0.2017 0.6634, 0.9559 -0.0492 0.6634, 0.9547 -0.059 0.6634, 0.9675 -0.023 0.6634, 1.1213 -0.0491 0.6634, 1.122 -0.059 0.6634, 1.2185 -1.122 0.6634, 1.2187 -1.1287 0.6634, 1.1734 -1.6181 0.6634, -1.227 -1.1617 0.6634, -0.8409 -0.233 0.6634, -0.8374 -0.2459 0.6634, -0.737 -0.246 0.6634, -0.7382 -0.2559 0.6634, -0.9395 -0.1773 0.6634, -0.9318 -0.1842 0.6634, -0.9285 -0.1872 0.6634, -0.9196 -0.192 0.6634, -0.9547 -0.1378 0.6634, -0.9536 -0.1476 0.6634, -0.8674 -0.0725 0.6634, -0.953 -0.1523 0.6634, -0.9494 -0.1615 0.6634, -0.9479 -0.1655 0.6634, -0.9419 -0.1739 0.6634, -0.6791 -0.1968 0.6634, -0.689 -0.1976 0.6634, -0.7074 -0.0725 0.6634, -0.7113 -0.0771 0.6634, -0.6693 -0.1957 0.6634, -0.6646 -0.1951 0.6634, -0.6554 -0.1915 0.6634, 0.689 -0.198 0.6634, 0.6791 -0.1968 0.6634, 0.6692 -0.1961 0.6634, 0.9547 -0.1378 0.6634, 0.954 -0.1477 0.6634, -0.7375 -0.7265 0.6634, -0.7375 -0.7264 0.6634, -0.7382 -0.7165 0.6634, -0.8711 -0.0686 0.6634, -0.882 -0.0523 0.6634, -0.9547 -0.059 0.6634, -0.8823 -0.0516 0.6634, -0.9555 -0.0491 0.6634, -0.8903 -0.0338 0.6634, -0.9555 -0.0491 0.6634, -0.8918 -0.0277 0.6634, -0.959 -0.0361 0.6634, -0.8948 -0.0151 0.6634, -0.9596 -0.0351 0.6634, -0.8954 -0.0022 0.6634, -0.8957 0.0037 0.6634, -0.6514 -0.19 0.6634, -0.6431 -0.1841 0.6634, -0.6396 -0.1816 0.6634, -0.6327 -0.1739 0.6634, -0.6298 -0.1706 0.6634, -0.6249 -0.1617 0.6634, 0.6269 -0.1655 0.6634, 0.6329 -0.1739 0.6634, 0.6353 -0.1773 0.6634, 0.6201 -0.1378 0.6634, 0.6213 -0.1476 0.6634, 0.6218 -0.1523 0.6634, 0.6254 -0.1615 0.6634, 0.8858 -0.1976 0.6634, 0.8957 -0.1968 0.6634, 0.9055 -0.1957 0.6634, -0.737 -0.9429 0.6634, -0.8373 -0.246 0.6634, -0.8366 -0.2559 0.6634, -0.9186 -0.1925 0.6634, -0.9056 -0.1961 0.6634, 0.643 -0.1842 0.6634, 0.6463 -0.1872 0.6634, 0.6552 -0.192 0.6634, 0.6201 -0.059 0.6634, 0.6193 -0.0491 0.6634, 0.6193 -0.0491 0.6634, 0.6158 -0.0361 0.6634, 0.6152 -0.0351 0.6634, 0.9102 -0.1951 0.6634, 0.9194 -0.1915 0.6634, 0.9234 -0.19 0.6634, 0.9318 -0.1841 0.6634, 0.9352 -0.1816 0.6634, 0.9421 -0.1739 0.6634, 0.945 -0.1706 0.6634, 0.9499 -0.1617 0.6634, -0.6244 -0.1607 0.6634, -0.6208 -0.1478 0.6634, 0.6562 -0.1925 0.6634, 0.6692 -0.1961 0.6634, 0.9504 -0.1607 0.6634, 0.954 -0.1478 0.6634
            ]
        }
        coordIndex [
            0,1,2,-1,0,2,3,-1,3,2,4,-1,3,4,5,-1,5,4,6,-1,5,6,7,-1,7,6,8,-1,7,8,9,-1,9,8,10,-1,9,10,11,-1,11,10,12,-1,11,12,13,-1,13,12,14,-1,13,14,15,-1,15,14,16,-1,15,16,17,-1,17,16,18,-1,17,18,19,-1,19,18,20,-1,19,20,21,-1,21,20,22,-1,21,22,23,-1,23,22,24,-1,23,24,25,-1,25,24,26,-1,25,26,27,-1,27,26,28,-1,27,28,29,-1,29,28,30,-1,29,30,31,-1,31,30,32,-1,31,32,33,-1,33,32,34,-1,33,34,35,-1,35,34,36,-1,35,36,37,-1,37,36,38,-1,37,38,39,-1,39,38,40,-1,39,40,41,-1,41,40,42,-1,41,42,43,-1,43,42,44,-1,43,44,45,-1,45,44,46,-1,45,46,47,-1,47,46,48,-1,47,48,49,-1,50,51,52,-1,51,53,52,-1,52,53,54,-1,52,54,55,-1,56,57,58,-1,59,60,61,-1,62,63,57,-1,64,65,66,-1,66,65,67,-1,66,67,68,-1,61,69,59,-1,59,69,62,-1,59,62,70,-1,70,62,57,-1,69,71,62,-1,62,71,72,-1,62,72,73,-1,74,75,63,-1,63,75,76,-1,63,76,57,-1,57,76,77,-1,57,77,58,-1,68,78,66,-1,66,78,79,-1,66,79,80,-1,80,79,81,-1,80,81,82,-1,83,84,85,-1,86,87,88,-1,89,90,91,-1,82,92,80,-1,80,92,93,-1,80,93,94,-1,95,96,97,-1,98,99,100,-1,100,99,101,-1,62,102,103,-1,56,58,104,-1,104,58,105,-1,104,105,106,-1,107,108,109,-1,95,97,110,-1,111,112,113,-1,113,112,114,-1,113,114,115,-1,60,59,116,-1,116,59,117,-1,116,117,118,-1,88,87,119,-1,119,87,120,-1,119,120,121,-1,90,89,120,-1,120,89,122,-1,120,122,123,-1,94,93,124,-1,124,93,125,-1,124,125,126,-1,109,127,107,-1,107,127,128,-1,107,128,52,-1,52,128,129,-1,52,129,50,-1,123,130,120,-1,120,130,131,-1,120,131,121,-1,102,62,132,-1,132,62,73,-1,132,73,133,-1,133,73,134,-1,133,134,135,-1,135,136,133,-1,133,136,137,-1,133,137,138,-1,139,140,103,-1,103,140,141,-1,103,141,62,-1,142,143,144,-1,145,146,147,-1,147,146,148,-1,147,148,149,-1,150,151,152,-1,152,151,153,-1,152,153,154,-1,98,155,99,-1,99,155,156,-1,99,156,157,-1,91,158,89,-1,89,158,157,-1,89,157,159,-1,159,157,156,-1,55,160,52,-1,52,160,161,-1,52,161,162,-1,162,161,106,-1,162,106,163,-1,163,106,105,-1,22,20,84,-1,84,20,18,-1,84,18,16,-1,2,164,4,-1,4,164,85,-1,4,85,6,-1,6,85,8,-1,165,48,166,-1,166,48,46,-1,167,168,169,-1,169,168,170,-1,169,170,171,-1,171,170,172,-1,173,174,175,-1,175,174,176,-1,175,176,85,-1,85,176,177,-1,85,177,83,-1,111,113,178,-1,178,113,179,-1,178,179,96,-1,96,179,180,-1,96,180,97,-1,97,180,181,-1,97,181,182,-1,126,125,183,-1,183,125,184,-1,183,184,185,-1,185,184,186,-1,185,186,187,-1,28,26,84,-1,84,26,24,-1,84,24,22,-1,188,38,36,-1,36,34,188,-1,188,34,32,-1,188,32,84,-1,84,32,30,-1,84,30,28,-1,46,44,166,-1,166,44,42,-1,166,42,188,-1,188,42,40,-1,188,40,38,-1,189,190,101,-1,191,192,145,-1,145,192,193,-1,145,193,194,-1,195,196,115,-1,115,196,197,-1,115,197,113,-1,198,199,175,-1,175,199,200,-1,175,200,173,-1,165,201,48,-1,48,201,202,-1,48,202,152,-1,152,202,203,-1,152,203,150,-1,154,153,204,-1,204,153,205,-1,204,205,206,-1,207,208,209,-1,118,117,210,-1,210,117,211,-1,210,211,88,-1,88,211,212,-1,88,212,86,-1,2,1,164,-1,164,1,213,-1,164,213,214,-1,214,213,215,-1,214,215,216,-1,216,215,144,-1,142,144,217,-1,16,14,84,-1,84,14,12,-1,84,12,85,-1,85,12,10,-1,85,10,8,-1,218,219,220,-1,221,222,223,-1,224,225,170,-1,170,225,226,-1,226,227,170,-1,170,227,228,-1,170,228,172,-1,174,229,176,-1,176,229,230,-1,176,230,231,-1,110,97,209,-1,209,97,232,-1,209,232,233,-1,143,234,144,-1,144,234,235,-1,144,235,216,-1,186,236,187,-1,187,236,237,-1,187,237,238,-1,238,237,239,-1,238,239,144,-1,144,239,240,-1,144,240,217,-1,189,101,241,-1,190,242,101,-1,101,242,243,-1,101,243,244,-1,245,246,247,-1,247,246,248,-1,247,248,205,-1,205,248,249,-1,205,249,206,-1,219,221,220,-1,220,221,223,-1,220,223,250,-1,250,223,251,-1,250,251,252,-1,252,251,247,-1,253,254,255,-1,255,254,256,-1,255,256,251,-1,251,256,257,-1,251,257,247,-1,247,257,258,-1,247,258,245,-1,208,259,209,-1,209,259,260,-1,209,260,261,-1,261,260,262,-1,147,263,167,-1,167,263,264,-1,167,264,168,-1,167,265,147,-1,147,265,266,-1,147,266,145,-1,145,266,267,-1,145,267,191,-1,268,269,66,-1,66,269,270,-1,66,270,64,-1,233,271,209,-1,209,271,272,-1,209,272,207,-1,262,273,261,-1,261,273,274,-1,261,274,275,-1,218,220,276,-1,276,220,277,-1,276,277,278,-1,224,279,225,-1,225,279,280,-1,225,280,115,-1,115,280,281,-1,115,281,195,-1,197,282,113,-1,113,282,283,-1,113,283,284,-1,284,283,285,-1,284,285,286,-1,286,285,268,-1,286,268,287,-1,287,268,66,-1,149,288,147,-1,147,288,289,-1,147,289,290,-1,290,289,291,-1,290,291,198,-1,198,291,292,-1,198,292,199,-1,293,294,295,-1,295,294,296,-1,295,296,231,-1,231,296,297,-1,231,297,176,-1,107,298,108,-1,108,298,299,-1,108,299,300,-1,300,299,301,-1,300,301,302,-1,302,301,303,-1,302,303,304,-1,304,303,305,-1,304,305,306,-1,306,305,307,-1,253,255,308,-1,308,255,309,-1,308,309,310,-1,310,309,311,-1,310,311,312,-1,241,101,313,-1,313,101,99,-1,313,99,314,-1,312,315,310,-1,310,315,316,-1,310,316,317,-1,278,318,276,-1,276,318,319,-1,276,319,320,-1,317,321,310,-1,310,321,322,-1,310,322,323,-1,323,322,324,-1,323,324,307,-1,307,324,325,-1,307,325,306,-1,222,326,223,-1,223,326,327,-1,223,327,328,-1,328,327,329,-1,328,329,99,-1,99,329,330,-1,99,330,314,-1,244,243,331,-1,331,243,332,-1,331,332,333,-1,333,332,334,-1,333,334,194,-1,194,334,335,-1,194,335,145,-1,0,336,1,-1,1,336,213,-1,337,80,338,-1,338,80,94,-1,338,94,339,-1,336,340,213,-1,213,340,341,-1,213,341,215,-1,342,144,343,-1,343,144,215,-1,343,215,344,-1,344,215,341,-1,342,345,144,-1,144,345,346,-1,144,346,238,-1,346,347,238,-1,238,347,348,-1,238,348,187,-1,348,349,187,-1,187,349,350,-1,187,350,185,-1,351,183,352,-1,352,183,185,-1,352,185,353,-1,353,185,350,-1,351,354,183,-1,183,354,355,-1,183,355,126,-1,355,356,126,-1,126,356,357,-1,126,357,124,-1,124,357,358,-1,124,358,94,-1,94,358,359,-1,94,359,339,-1,360,361,362,-1,363,364,365,-1,365,364,366,-1,365,366,367,-1,368,369,370,-1,370,369,371,-1,370,371,372,-1,373,374,375,-1,375,374,376,-1,377,378,379,-1,376,374,365,-1,365,374,380,-1,365,380,363,-1,381,382,383,-1,383,382,384,-1,385,386,387,-1,388,361,389,-1,389,361,390,-1,389,390,391,-1,391,390,392,-1,372,393,370,-1,370,393,394,-1,370,394,395,-1,395,394,396,-1,397,398,399,-1,399,398,381,-1,400,401,402,-1,402,401,403,-1,403,404,402,-1,402,404,405,-1,402,405,406,-1,406,407,402,-1,402,407,408,-1,402,408,409,-1,410,411,412,-1,412,411,413,-1,388,414,415,-1,415,414,413,-1,415,413,416,-1,416,413,411,-1,362,361,417,-1,418,419,420,-1,420,419,421,-1,354,351,422,-1,423,424,425,-1,415,426,388,-1,388,426,427,-1,388,427,361,-1,361,427,428,-1,361,428,417,-1,429,430,431,-1,431,430,432,-1,431,432,370,-1,370,432,433,-1,370,433,368,-1,382,434,384,-1,384,434,435,-1,384,435,436,-1,436,437,384,-1,384,437,438,-1,384,438,439,-1,439,440,384,-1,384,440,441,-1,384,441,442,-1,443,444,445,-1,382,446,447,-1,447,448,382,-1,382,448,449,-1,382,449,450,-1,451,452,453,-1,453,452,454,-1,453,454,455,-1,456,457,458,-1,458,457,459,-1,458,459,460,-1,460,459,461,-1,462,463,464,-1,465,466,467,-1,467,466,468,-1,378,469,379,-1,379,469,470,-1,379,470,471,-1,471,472,379,-1,379,472,473,-1,379,473,474,-1,456,475,457,-1,457,475,476,-1,457,476,477,-1,477,476,478,-1,477,478,479,-1,480,481,423,-1,423,481,482,-1,423,482,424,-1,483,484,485,-1,485,484,486,-1,485,486,487,-1,488,489,490,-1,418,491,419,-1,419,491,492,-1,419,492,493,-1,489,494,490,-1,490,494,495,-1,490,495,496,-1,497,498,445,-1,499,500,442,-1,442,500,501,-1,442,501,502,-1,398,503,381,-1,381,503,504,-1,381,504,382,-1,382,504,505,-1,382,505,446,-1,409,506,402,-1,402,506,507,-1,402,507,467,-1,467,507,508,-1,467,508,465,-1,509,510,511,-1,512,513,514,-1,514,513,515,-1,514,515,516,-1,516,515,517,-1,516,517,518,-1,519,520,521,-1,521,520,522,-1,521,522,523,-1,524,525,526,-1,526,525,527,-1,526,527,528,-1,529,530,49,-1,49,530,531,-1,422,351,532,-1,532,351,352,-1,532,352,533,-1,534,535,337,-1,337,535,536,-1,337,536,537,-1,474,538,379,-1,379,538,539,-1,379,539,540,-1,425,541,423,-1,423,541,542,-1,423,542,478,-1,478,542,543,-1,478,543,479,-1,544,545,480,-1,480,545,546,-1,546,547,480,-1,480,547,548,-1,480,548,481,-1,410,412,367,-1,367,412,549,-1,367,549,365,-1,502,550,442,-1,442,550,551,-1,442,551,384,-1,397,552,398,-1,398,552,553,-1,398,553,554,-1,554,553,555,-1,554,555,556,-1,556,555,557,-1,556,557,558,-1,558,557,559,-1,558,559,560,-1,450,561,562,-1,450,562,382,-1,382,562,563,-1,382,563,564,-1,462,464,565,-1,565,464,566,-1,565,566,453,-1,453,566,567,-1,453,567,451,-1,468,568,467,-1,467,568,569,-1,467,569,570,-1,519,521,571,-1,571,521,572,-1,571,572,573,-1,573,572,574,-1,573,574,575,-1,35,37,576,-1,577,578,579,-1,579,578,580,-1,579,580,581,-1,340,336,582,-1,534,337,583,-1,583,337,338,-1,583,338,584,-1,584,338,339,-1,584,339,359,-1,560,585,558,-1,558,585,586,-1,558,586,587,-1,588,589,590,-1,590,589,591,-1,592,362,589,-1,589,362,593,-1,589,593,591,-1,592,594,362,-1,362,594,595,-1,362,595,596,-1,373,597,374,-1,374,597,598,-1,374,598,599,-1,599,598,600,-1,599,600,601,-1,490,602,488,-1,488,602,603,-1,488,603,485,-1,485,603,604,-1,485,604,483,-1,499,442,445,-1,445,442,605,-1,445,605,497,-1,564,606,382,-1,382,606,607,-1,382,607,608,-1,394,609,396,-1,396,609,610,-1,396,610,611,-1,611,610,612,-1,611,612,613,-1,613,612,614,-1,613,614,615,-1,615,614,453,-1,615,453,616,-1,616,453,455,-1,462,617,463,-1,463,617,618,-1,463,618,619,-1,620,621,622,-1,622,621,623,-1,624,625,626,-1,626,625,627,-1,626,627,628,-1,628,627,629,-1,628,629,622,-1,622,629,630,-1,622,630,620,-1,631,632,633,-1,431,421,429,-1,429,421,419,-1,429,419,634,-1,634,419,635,-1,531,636,49,-1,49,636,637,-1,49,637,638,-1,639,640,641,-1,641,640,642,-1,641,642,390,-1,390,642,643,-1,390,643,392,-1,544,644,545,-1,545,644,645,-1,545,645,587,-1,587,645,646,-1,587,646,558,-1,596,647,362,-1,362,647,648,-1,362,648,360,-1,487,649,485,-1,485,649,650,-1,485,650,600,-1,600,650,651,-1,600,651,601,-1,496,652,490,-1,490,652,653,-1,490,653,654,-1,498,655,445,-1,445,655,656,-1,445,656,443,-1,443,656,657,-1,619,658,463,-1,463,658,659,-1,463,659,660,-1,511,510,661,-1,661,510,662,-1,661,662,570,-1,570,662,663,-1,570,663,664,-1,665,666,667,-1,667,666,668,-1,665,669,666,-1,666,669,670,-1,666,670,671,-1,631,633,672,-1,672,633,673,-1,672,673,674,-1,387,386,675,-1,575,676,573,-1,573,676,677,-1,573,677,678,-1,523,679,521,-1,521,679,680,-1,521,680,49,-1,49,680,681,-1,49,681,529,-1,524,526,581,-1,581,526,682,-1,581,682,579,-1,537,683,337,-1,337,683,684,-1,337,684,379,-1,379,684,685,-1,379,685,377,-1,639,686,640,-1,640,686,687,-1,640,687,688,-1,640,689,690,-1,690,689,691,-1,690,691,692,-1,692,691,693,-1,692,693,694,-1,588,695,589,-1,589,695,696,-1,589,696,697,-1,697,698,589,-1,589,698,699,-1,589,699,700,-1,701,702,402,-1,402,702,703,-1,402,703,400,-1,704,705,706,-1,706,705,707,-1,706,707,708,-1,664,709,570,-1,570,709,710,-1,570,710,467,-1,631,711,632,-1,632,711,712,-1,632,712,713,-1,713,712,714,-1,713,714,666,-1,666,714,715,-1,666,715,668,-1,716,717,673,-1,673,717,718,-1,673,718,674,-1,517,719,518,-1,518,719,720,-1,518,720,721,-1,721,720,675,-1,721,675,722,-1,722,675,386,-1,528,723,526,-1,526,723,724,-1,526,724,725,-1,725,724,726,-1,725,726,419,-1,419,726,727,-1,419,727,635,-1,576,37,728,-1,728,37,39,-1,728,39,638,-1,638,39,41,-1,638,41,43,-1,9,729,7,-1,7,729,5,-1,9,11,729,-1,729,11,13,-1,729,13,730,-1,688,731,640,-1,640,731,732,-1,640,732,733,-1,733,734,640,-1,640,734,735,-1,640,735,689,-1,700,736,737,-1,737,738,739,-1,493,740,419,-1,419,740,741,-1,419,741,653,-1,653,741,742,-1,653,742,654,-1,701,402,706,-1,706,402,743,-1,706,743,704,-1,744,561,745,-1,745,561,746,-1,744,747,561,-1,561,747,748,-1,561,748,562,-1,626,671,624,-1,624,671,670,-1,624,670,749,-1,749,670,750,-1,749,750,751,-1,751,750,752,-1,512,514,678,-1,678,514,753,-1,678,753,573,-1,43,45,638,-1,638,45,47,-1,638,47,49,-1,582,336,754,-1,754,336,0,-1,754,0,729,-1,729,0,3,-1,729,3,5,-1,755,342,756,-1,756,342,343,-1,756,343,757,-1,757,343,344,-1,757,344,582,-1,582,344,341,-1,582,341,340,-1,352,353,533,-1,533,353,350,-1,533,350,758,-1,758,350,349,-1,758,349,759,-1,359,358,584,-1,584,358,357,-1,584,357,760,-1,760,357,356,-1,760,356,422,-1,422,356,355,-1,422,355,354,-1,540,761,379,-1,379,761,762,-1,379,762,763,-1,763,762,692,-1,763,692,764,-1,764,692,694,-1,700,737,589,-1,589,737,739,-1,589,739,765,-1,708,707,561,-1,561,707,766,-1,561,766,746,-1,623,767,622,-1,622,767,768,-1,622,768,769,-1,769,768,770,-1,771,772,750,-1,750,772,773,-1,750,773,774,-1,775,776,777,-1,777,776,750,-1,750,776,778,-1,750,778,779,-1,779,780,750,-1,750,780,781,-1,750,781,771,-1,782,387,783,-1,783,387,784,-1,783,784,716,-1,716,784,785,-1,716,785,717,-1,782,786,387,-1,387,786,787,-1,387,787,788,-1,579,730,577,-1,577,730,13,-1,577,13,789,-1,789,13,15,-1,789,15,790,-1,790,15,791,-1,759,349,792,-1,792,349,348,-1,792,348,793,-1,793,348,347,-1,793,347,346,-1,794,795,768,-1,768,795,796,-1,768,796,770,-1,777,797,775,-1,775,797,798,-1,775,798,799,-1,799,798,800,-1,799,800,801,-1,801,800,802,-1,801,802,803,-1,803,802,804,-1,803,804,805,-1,805,804,806,-1,805,806,807,-1,807,806,808,-1,807,808,511,-1,511,808,809,-1,511,809,509,-1,788,810,387,-1,387,810,811,-1,387,811,812,-1,812,813,387,-1,387,813,814,-1,387,814,815,-1,816,817,15,-1,15,817,818,-1,819,820,17,-1,17,820,821,-1,17,821,15,-1,15,821,822,-1,15,822,816,-1,823,824,825,-1,660,794,463,-1,463,794,768,-1,463,768,826,-1,826,768,827,-1,826,827,459,-1,459,827,828,-1,459,828,461,-1,774,829,750,-1,750,829,830,-1,750,830,752,-1,818,831,15,-1,15,831,832,-1,15,832,833,-1,17,19,819,-1,819,19,21,-1,819,21,834,-1,834,21,23,-1,834,23,835,-1,835,23,25,-1,835,25,836,-1,836,25,27,-1,836,27,837,-1,837,27,29,-1,837,29,838,-1,838,29,31,-1,838,31,576,-1,576,31,33,-1,576,33,35,-1,823,346,755,-1,755,346,345,-1,755,345,342,-1,823,825,346,-1,346,825,839,-1,346,839,840,-1,840,841,346,-1,346,841,842,-1,346,842,843,-1,843,844,346,-1,346,844,845,-1,346,845,846,-1,815,847,387,-1,387,847,848,-1,387,848,385,-1,833,849,15,-1,15,849,850,-1,15,850,791,-1,846,851,346,-1,346,851,852,-1,346,852,793,-1,593,209,261,-1,739,738,259,-1,259,738,260,-1,738,737,260,-1,260,737,736,-1,260,736,262,-1,736,700,262,-1,262,700,699,-1,262,699,273,-1,699,698,273,-1,273,698,697,-1,273,697,274,-1,697,696,274,-1,274,696,695,-1,274,695,275,-1,695,588,275,-1,275,588,590,-1,275,590,261,-1,261,590,591,-1,261,591,593,-1,593,362,209,-1,209,362,110,-1,110,362,95,-1,95,362,417,-1,95,417,96,-1,96,417,428,-1,96,428,427,-1,427,426,96,-1,96,426,415,-1,96,415,178,-1,415,416,178,-1,178,416,411,-1,178,411,111,-1,411,410,111,-1,111,410,367,-1,111,367,112,-1,380,115,363,-1,363,115,114,-1,363,114,364,-1,364,114,112,-1,364,112,366,-1,366,112,367,-1,225,115,374,-1,374,115,380,-1,374,599,225,-1,225,599,226,-1,490,167,169,-1,226,599,227,-1,227,599,601,-1,227,601,651,-1,651,650,227,-1,227,650,649,-1,227,649,228,-1,649,487,228,-1,228,487,486,-1,228,486,172,-1,486,484,172,-1,172,484,483,-1,172,483,171,-1,483,604,171,-1,171,604,603,-1,171,603,169,-1,169,603,602,-1,169,602,490,-1,490,654,167,-1,167,654,265,-1,396,333,395,-1,395,333,194,-1,395,194,370,-1,370,194,193,-1,192,421,193,-1,193,421,431,-1,193,431,370,-1,191,418,192,-1,192,418,420,-1,192,420,421,-1,740,493,267,-1,267,493,492,-1,267,492,191,-1,191,492,491,-1,191,491,418,-1,265,654,266,-1,266,654,742,-1,266,742,267,-1,267,742,741,-1,267,741,740,-1,396,611,333,-1,333,611,331,-1,459,159,826,-1,826,159,156,-1,826,156,463,-1,463,156,155,-1,98,566,155,-1,155,566,464,-1,155,464,463,-1,100,451,98,-1,98,451,567,-1,98,567,566,-1,616,455,101,-1,101,455,454,-1,101,454,100,-1,100,454,452,-1,100,452,451,-1,331,611,244,-1,244,611,613,-1,244,613,101,-1,101,613,615,-1,101,615,616,-1,89,159,457,-1,457,159,459,-1,545,88,119,-1,122,89,477,-1,477,89,457,-1,121,547,119,-1,119,547,546,-1,119,546,545,-1,131,481,121,-1,121,481,548,-1,121,548,547,-1,130,424,131,-1,131,424,482,-1,131,482,481,-1,543,542,123,-1,123,542,541,-1,123,541,130,-1,130,541,425,-1,130,425,424,-1,122,477,123,-1,123,477,479,-1,123,479,543,-1,545,587,88,-1,88,587,210,-1,384,72,383,-1,383,72,71,-1,383,71,381,-1,381,71,69,-1,61,397,69,-1,69,397,399,-1,69,399,381,-1,60,553,61,-1,61,553,552,-1,61,552,397,-1,560,559,116,-1,116,559,557,-1,116,557,60,-1,60,557,555,-1,60,555,553,-1,210,587,118,-1,118,587,586,-1,118,586,116,-1,116,586,585,-1,116,585,560,-1,73,72,551,-1,551,72,384,-1,497,132,133,-1,551,550,73,-1,73,550,134,-1,550,502,134,-1,134,502,501,-1,134,501,135,-1,501,500,135,-1,135,500,499,-1,135,499,136,-1,499,445,136,-1,136,445,444,-1,136,444,137,-1,444,443,137,-1,137,443,657,-1,137,657,138,-1,657,656,138,-1,138,656,655,-1,138,655,133,-1,133,655,498,-1,133,498,497,-1,497,605,132,-1,132,605,102,-1,434,62,141,-1,605,442,102,-1,102,442,103,-1,442,441,103,-1,103,441,440,-1,103,440,139,-1,440,439,139,-1,139,439,438,-1,139,438,140,-1,438,437,140,-1,140,437,436,-1,140,436,141,-1,141,436,435,-1,141,435,434,-1,434,382,62,-1,62,382,63,-1,382,608,63,-1,63,608,74,-1,163,704,162,-1,162,704,743,-1,74,608,607,-1,74,607,75,-1,563,76,564,-1,564,76,75,-1,564,75,606,-1,606,75,607,-1,563,562,76,-1,76,562,748,-1,76,748,77,-1,748,747,77,-1,77,747,744,-1,77,744,58,-1,744,745,58,-1,58,745,746,-1,58,746,105,-1,746,766,105,-1,105,766,707,-1,105,707,163,-1,163,707,705,-1,163,705,704,-1,162,743,52,-1,52,743,402,-1,763,287,379,-1,379,287,66,-1,181,639,182,-1,182,639,641,-1,287,763,764,-1,287,764,286,-1,764,694,286,-1,286,694,693,-1,286,693,284,-1,735,113,689,-1,689,113,284,-1,689,284,691,-1,691,284,693,-1,735,734,113,-1,113,734,733,-1,113,733,179,-1,733,732,179,-1,179,732,731,-1,179,731,180,-1,731,688,180,-1,180,688,687,-1,180,687,181,-1,181,687,686,-1,181,686,639,-1,97,182,390,-1,390,182,641,-1,232,97,361,-1,361,97,390,-1,765,208,207,-1,361,360,232,-1,232,360,233,-1,360,648,233,-1,233,648,647,-1,233,647,271,-1,647,596,271,-1,271,596,595,-1,271,595,272,-1,595,594,272,-1,272,594,592,-1,272,592,207,-1,207,592,589,-1,207,589,765,-1,259,208,739,-1,739,208,765,-1,281,365,195,-1,195,365,549,-1,195,549,196,-1,196,549,412,-1,196,412,413,-1,413,414,196,-1,196,414,388,-1,196,388,197,-1,388,389,197,-1,197,389,391,-1,197,391,282,-1,391,392,282,-1,282,392,643,-1,282,643,283,-1,692,268,690,-1,690,268,285,-1,690,285,640,-1,640,285,283,-1,640,283,642,-1,642,283,643,-1,269,268,762,-1,762,268,692,-1,685,79,377,-1,377,79,78,-1,377,78,378,-1,378,78,68,-1,67,470,68,-1,68,470,469,-1,68,469,378,-1,65,472,67,-1,67,472,471,-1,67,471,470,-1,539,538,64,-1,64,538,474,-1,64,474,65,-1,65,474,473,-1,65,473,472,-1,269,762,270,-1,270,762,761,-1,270,761,64,-1,64,761,540,-1,64,540,539,-1,685,684,79,-1,79,684,81,-1,81,684,82,-1,82,684,683,-1,82,683,92,-1,92,683,537,-1,92,537,536,-1,536,535,92,-1,92,535,534,-1,92,534,93,-1,534,583,93,-1,93,583,584,-1,93,584,125,-1,584,760,125,-1,125,760,422,-1,125,422,184,-1,759,236,758,-1,758,236,186,-1,758,186,533,-1,533,186,184,-1,533,184,532,-1,532,184,422,-1,237,236,792,-1,792,236,759,-1,824,235,234,-1,792,793,237,-1,237,793,239,-1,239,793,240,-1,240,793,852,-1,240,852,851,-1,851,846,240,-1,240,846,845,-1,240,845,217,-1,845,844,217,-1,217,844,843,-1,217,843,142,-1,843,842,142,-1,142,842,841,-1,142,841,143,-1,841,840,143,-1,143,840,839,-1,143,839,234,-1,234,839,825,-1,234,825,824,-1,235,824,216,-1,216,824,823,-1,216,823,214,-1,214,823,755,-1,214,755,756,-1,756,757,214,-1,214,757,582,-1,214,582,164,-1,582,754,164,-1,164,754,729,-1,164,729,85,-1,729,730,85,-1,85,730,579,-1,85,579,175,-1,419,290,725,-1,725,290,198,-1,725,198,526,-1,526,198,175,-1,526,175,682,-1,682,175,579,-1,147,290,653,-1,653,290,419,-1,376,280,375,-1,375,280,279,-1,375,279,373,-1,373,279,224,-1,170,598,224,-1,224,598,597,-1,224,597,373,-1,168,485,170,-1,170,485,600,-1,170,600,598,-1,495,494,264,-1,264,494,489,-1,264,489,168,-1,168,489,488,-1,168,488,485,-1,147,653,263,-1,263,653,652,-1,263,652,264,-1,264,652,496,-1,264,496,495,-1,376,365,280,-1,280,365,281,-1,612,332,614,-1,614,332,243,-1,614,243,453,-1,453,243,242,-1,190,462,242,-1,242,462,565,-1,242,565,453,-1,189,618,190,-1,190,618,617,-1,190,617,462,-1,660,659,241,-1,241,659,658,-1,241,658,189,-1,189,658,619,-1,189,619,618,-1,314,796,313,-1,313,796,795,-1,313,795,241,-1,241,795,794,-1,241,794,660,-1,334,332,610,-1,610,332,612,-1,635,289,634,-1,634,289,288,-1,634,288,429,-1,429,288,149,-1,148,432,149,-1,149,432,430,-1,149,430,429,-1,146,368,148,-1,148,368,433,-1,148,433,432,-1,393,372,145,-1,145,372,371,-1,145,371,146,-1,146,371,369,-1,146,369,368,-1,334,610,335,-1,335,610,609,-1,335,609,145,-1,145,609,394,-1,145,394,393,-1,635,727,289,-1,289,727,291,-1,790,230,789,-1,789,230,229,-1,789,229,577,-1,577,229,174,-1,173,580,174,-1,174,580,578,-1,174,578,577,-1,200,524,173,-1,173,524,581,-1,173,581,580,-1,723,528,199,-1,199,528,527,-1,199,527,200,-1,200,527,525,-1,200,525,524,-1,291,727,292,-1,292,727,726,-1,292,726,199,-1,199,726,724,-1,199,724,723,-1,790,791,230,-1,230,791,231,-1,819,176,297,-1,231,791,295,-1,295,791,850,-1,295,850,849,-1,849,833,295,-1,295,833,832,-1,295,832,293,-1,832,831,293,-1,293,831,818,-1,293,818,294,-1,818,817,294,-1,294,817,816,-1,294,816,296,-1,816,822,296,-1,296,822,821,-1,296,821,297,-1,297,821,820,-1,297,820,819,-1,177,176,834,-1,834,176,819,-1,177,834,83,-1,83,834,835,-1,83,835,84,-1,84,835,836,-1,84,836,837,-1,837,838,84,-1,84,838,576,-1,84,576,188,-1,576,728,188,-1,188,728,638,-1,188,638,166,-1,638,637,166,-1,166,637,636,-1,166,636,165,-1,681,202,529,-1,529,202,201,-1,529,201,530,-1,530,201,165,-1,530,165,531,-1,531,165,636,-1,681,680,202,-1,202,680,203,-1,203,680,150,-1,150,680,679,-1,150,679,151,-1,151,679,523,-1,151,523,522,-1,522,520,151,-1,151,520,519,-1,151,519,153,-1,519,571,153,-1,153,571,573,-1,153,573,205,-1,573,753,205,-1,205,753,514,-1,205,514,247,-1,722,250,721,-1,721,250,252,-1,721,252,518,-1,518,252,247,-1,518,247,516,-1,516,247,514,-1,220,250,386,-1,386,250,722,-1,782,218,276,-1,386,385,220,-1,220,385,277,-1,277,385,278,-1,278,385,848,-1,278,848,847,-1,847,815,278,-1,278,815,814,-1,278,814,318,-1,814,813,318,-1,318,813,812,-1,318,812,319,-1,812,811,319,-1,319,811,810,-1,319,810,320,-1,810,788,320,-1,320,788,787,-1,320,787,276,-1,276,787,786,-1,276,786,782,-1,218,782,219,-1,219,782,783,-1,219,783,221,-1,221,783,716,-1,221,716,673,-1,673,633,221,-1,221,633,632,-1,221,632,222,-1,632,713,222,-1,222,713,666,-1,222,666,326,-1,666,671,326,-1,326,671,626,-1,326,626,327,-1,770,330,769,-1,769,330,329,-1,769,329,622,-1,622,329,327,-1,622,327,628,-1,628,327,626,-1,314,330,796,-1,796,330,770,-1,467,710,107,-1,107,710,298,-1,710,709,298,-1,298,709,664,-1,298,664,299,-1,664,663,299,-1,299,663,662,-1,299,662,301,-1,809,303,509,-1,509,303,301,-1,509,301,510,-1,510,301,662,-1,809,808,303,-1,303,808,806,-1,303,806,305,-1,806,804,305,-1,305,804,802,-1,305,802,307,-1,797,323,798,-1,798,323,307,-1,798,307,800,-1,800,307,802,-1,797,777,323,-1,323,777,750,-1,323,750,310,-1,665,308,669,-1,669,308,310,-1,669,310,670,-1,670,310,750,-1,714,254,715,-1,715,254,253,-1,715,253,668,-1,668,253,308,-1,668,308,667,-1,667,308,665,-1,714,712,254,-1,254,712,256,-1,521,152,572,-1,572,152,154,-1,572,154,574,-1,712,711,256,-1,256,711,631,-1,256,631,257,-1,718,258,674,-1,674,258,257,-1,674,257,672,-1,672,257,631,-1,718,717,258,-1,258,717,785,-1,258,785,245,-1,785,784,245,-1,245,784,387,-1,245,387,246,-1,387,675,246,-1,246,675,720,-1,246,720,248,-1,515,249,517,-1,517,249,248,-1,517,248,719,-1,719,248,720,-1,515,513,249,-1,249,513,512,-1,249,512,206,-1,512,678,206,-1,206,678,677,-1,206,677,204,-1,204,677,676,-1,204,676,154,-1,154,676,575,-1,154,575,574,-1,106,706,104,-1,104,706,708,-1,104,708,56,-1,56,708,561,-1,56,561,450,-1,450,449,56,-1,56,449,448,-1,56,448,57,-1,448,447,57,-1,57,447,446,-1,57,446,70,-1,446,505,70,-1,70,505,504,-1,70,504,59,-1,556,211,554,-1,554,211,117,-1,554,117,398,-1,398,117,59,-1,398,59,503,-1,503,59,504,-1,556,558,211,-1,211,558,212,-1,461,157,460,-1,460,157,158,-1,460,158,458,-1,458,158,91,-1,90,475,91,-1,91,475,456,-1,91,456,458,-1,120,478,90,-1,90,478,476,-1,90,476,475,-1,644,544,87,-1,87,544,480,-1,87,480,120,-1,120,480,423,-1,120,423,478,-1,212,558,86,-1,86,558,646,-1,86,646,87,-1,87,646,645,-1,87,645,644,-1,461,828,157,-1,157,828,99,-1,751,312,749,-1,749,312,311,-1,749,311,624,-1,624,311,309,-1,255,627,309,-1,309,627,625,-1,309,625,624,-1,251,630,255,-1,255,630,629,-1,255,629,627,-1,767,623,223,-1,223,623,621,-1,223,621,251,-1,251,621,620,-1,251,620,630,-1,99,828,328,-1,328,828,827,-1,328,827,223,-1,223,827,768,-1,223,768,767,-1,775,325,324,-1,751,752,312,-1,312,752,315,-1,315,752,316,-1,316,752,830,-1,316,830,829,-1,829,774,316,-1,316,774,773,-1,316,773,317,-1,773,772,317,-1,317,772,771,-1,317,771,321,-1,771,781,321,-1,321,781,780,-1,321,780,322,-1,780,779,322,-1,322,779,778,-1,322,778,324,-1,324,778,776,-1,324,776,775,-1,306,325,799,-1,799,325,775,-1,306,799,304,-1,304,799,801,-1,304,801,302,-1,302,801,803,-1,302,803,805,-1,805,807,302,-1,302,807,511,-1,302,511,300,-1,511,661,300,-1,300,661,570,-1,300,570,108,-1,570,569,108,-1,108,569,568,-1,108,568,109,-1,508,128,465,-1,465,128,127,-1,465,127,466,-1,466,127,109,-1,466,109,468,-1,468,109,568,-1,508,507,128,-1,128,507,129,-1,701,161,702,-1,702,161,160,-1,702,160,703,-1,703,160,55,-1,54,401,55,-1,55,401,400,-1,55,400,703,-1,53,404,54,-1,54,404,403,-1,54,403,401,-1,408,407,51,-1,51,407,406,-1,51,406,53,-1,53,406,405,-1,53,405,404,-1,129,507,50,-1,50,507,506,-1,50,506,51,-1,51,506,409,-1,51,409,408,-1,701,706,161,-1,161,706,106,-1,48,152,49,-1,49,152,521,-1,80,337,66,-1,66,337,379,-1,107,52,467,-1,467,52,402,-1,
        ]
    }
}
Shape{
    appearance Appearance {
        material  Material 	{
            diffuseColor 0.2235294117647059 0.2235294117647059 0.2235294117647059
            specularColor 0.11372549019607843 0.11372549019607843 0.11372549019607843
            ambientIntensity 0.2235
            transparency 0.0
            shininess 0.5
        }
    }
    geometry IndexedFaceSet {
        ccw TRUE
        solid FALSE
        coord DEF co Coordinate {
            point [
                -1.6342 0.0787 0.8091, -1.6417 0.0787 0.7323, -0.8366 0.0787 0.1181, -1.6417 0.0787 0.5118, -1.248 0.0787 0.1181, -1.3248 0.0787 0.1257, 0.3937 0.0787 0.1181, 1.248 0.0787 1.126, 0.0 0.0787 0.1181, -1.248 0.0787 1.126, -0.3937 0.0787 0.1181, -1.3987 0.0787 1.096, -1.4668 0.0787 1.0596, -1.5264 0.0787 1.0107, -1.6342 0.0787 0.435, -1.6118 0.0787 0.3611, -1.5754 0.0787 0.2931, -1.5264 0.0787 0.2334, -1.3248 0.0787 1.1184, -1.5754 0.0787 0.951, -1.6118 0.0787 0.8829, -1.4668 0.0787 0.1845, -1.3987 0.0787 0.1481, 1.5754 0.0787 0.2931, 1.6118 0.0787 0.3611, 1.248 0.0787 0.1181, 1.6417 0.0787 0.5118, 1.6417 0.0787 0.7323, 0.8366 0.0787 0.1181, 1.2244 0.0787 0.1181, 1.6342 0.0787 0.435, 1.3248 0.0787 0.1257, 1.3987 0.0787 0.1481, 1.6342 0.0787 0.8091, 1.6118 0.0787 0.8829, 1.5754 0.0787 0.951, 1.4668 0.0787 0.1845, 1.5264 0.0787 0.2334, 1.3987 0.0787 1.096, 1.3248 0.0787 1.1184, 1.4668 0.0787 1.0596, 1.5264 0.0787 1.0107, 1.1811 0.8661 0.1181, 1.1811 0.8661 1.126, 1.2244 0.8661 0.1181, 1.248 0.8661 1.126, 1.6118 0.8661 0.8829, 1.4668 0.8661 1.0596, 1.5754 0.8661 0.951, 1.5264 0.8661 1.0107, 1.3248 0.8661 1.1184, 1.3987 0.8661 1.096, 1.6417 0.8661 0.7323, 1.6342 0.8661 0.8091, 1.6342 0.8661 0.435, 1.248 0.8661 0.1181, 1.6417 0.8661 0.5118, 1.6118 0.8661 0.3611, 1.5754 0.8661 0.2931, 1.5264 0.8661 0.2334, 1.4668 0.8661 0.1845, 1.3987 0.8661 0.1481, 1.3248 0.8661 0.1257, -1.248 0.315 0.1181, -1.6417 0.8661 0.5118, -1.6342 0.8661 0.435, -1.6118 0.8661 0.3611, -1.5754 0.8661 0.2931, -1.5264 0.8661 0.2334, -1.4668 0.8661 0.1845, -1.3987 0.8661 0.1481, -1.3248 0.8661 0.1257, -1.248 0.8661 0.1181, -0.8366 0.315 0.1181, 1.1811 0.7874 0.1181, 1.2008 0.6102 0.1181, 0.9646 0.6102 0.1181, 0.8366 0.7874 0.1181, 0.8366 0.315 0.1181, 0.9646 0.5512 0.1181, 1.2244 0.315 0.1181, 1.2008 0.5512 0.1181, 0.7087 0.6102 0.1181, 0.7087 0.5512 0.1181, 0.4882 0.5512 0.1181, 0.3937 0.315 0.1181, 0.4882 0.6102 0.1181, 0.3937 0.7874 0.1181, 0.2992 0.6102 0.1181, 0.2992 0.5512 0.1181, 0.0945 0.5512 0.1181, 0.0 0.315 0.1181, 0.0945 0.6102 0.1181, 0.0 0.7874 0.1181, -0.0945 0.6102 0.1181, -0.0945 0.5512 0.1181, -0.2992 0.5512 0.1181, -0.3937 0.315 0.1181, -0.2992 0.6102 0.1181, -0.3937 0.7874 0.1181, -0.4882 0.6102 0.1181, -0.4882 0.5512 0.1181, -0.7087 0.5512 0.1181, -0.7087 0.6102 0.1181, -0.8366 0.7874 0.1181, -1.1811 0.8661 0.1181, -1.1811 0.7874 0.1181, -1.2008 0.6102 0.1181, -1.2008 0.5512 0.1181, -0.9646 0.5512 0.1181, -0.9646 0.6102 0.1181, 1.248 0.315 0.1181, -0.3288 0.3937 1.126, -0.8929 0.3937 1.126, 1.1811 0.7874 1.126, -1.1811 0.8661 1.126, -1.248 0.8661 1.126, -1.1811 0.7874 1.126, -0.8929 0.7874 1.126, 0.8929 0.7874 1.126, 0.8929 0.3937 1.126, 0.3288 0.3937 1.126, 0.3288 0.7874 1.126, -0.3288 0.7874 1.126, -1.3248 0.8661 1.1184, -1.3987 0.8661 1.096, -1.4668 0.8661 1.0596, -1.5264 0.8661 1.0107, -1.5754 0.8661 0.951, -1.6118 0.8661 0.8829, -1.6342 0.8661 0.8091, -1.6417 0.8661 0.7323, 0.8929 0.7874 0.8678, -0.3288 0.7874 0.8678, 0.3288 0.7874 0.8678, -0.8929 0.7874 0.8678
            ]
        }
        coordIndex [
            0,1,2,-1,2,1,3,-1,2,3,4,-1,4,3,5,-1,6,7,8,-1,8,7,9,-1,8,9,10,-1,11,12,2,-1,2,12,13,-1,14,15,3,-1,3,15,16,-1,3,16,17,-1,10,9,2,-1,2,9,18,-1,2,18,11,-1,13,19,2,-1,2,19,20,-1,2,20,0,-1,17,21,3,-1,3,21,22,-1,3,22,5,-1,23,24,25,-1,26,27,7,-1,6,28,7,-1,7,28,29,-1,7,29,26,-1,26,29,25,-1,26,25,30,-1,30,25,24,-1,25,31,32,-1,27,33,7,-1,7,33,34,-1,7,34,35,-1,32,36,25,-1,25,36,37,-1,25,37,23,-1,38,39,40,-1,40,39,7,-1,40,7,41,-1,41,7,35,-1,42,43,44,-1,44,43,45,-1,46,47,48,-1,48,47,49,-1,50,51,52,-1,52,51,47,-1,52,47,53,-1,53,47,46,-1,54,55,56,-1,56,55,44,-1,56,44,52,-1,52,44,45,-1,52,45,50,-1,54,57,55,-1,55,57,58,-1,55,58,59,-1,59,60,55,-1,55,60,61,-1,55,61,62,-1,63,4,5,-1,3,64,65,-1,3,65,14,-1,14,65,66,-1,14,66,15,-1,15,66,67,-1,15,67,16,-1,16,67,68,-1,16,68,17,-1,17,68,69,-1,17,69,21,-1,21,69,70,-1,21,70,22,-1,22,70,71,-1,22,71,5,-1,5,71,72,-1,5,72,63,-1,4,63,73,-1,74,42,44,-1,75,76,77,-1,77,76,78,-1,78,76,79,-1,78,79,80,-1,80,79,81,-1,80,81,75,-1,82,77,83,-1,83,77,78,-1,83,78,84,-1,84,78,85,-1,84,85,86,-1,86,85,87,-1,86,87,82,-1,82,87,77,-1,88,87,89,-1,89,87,85,-1,89,85,90,-1,90,85,91,-1,90,91,92,-1,92,91,93,-1,92,93,88,-1,88,93,87,-1,94,93,95,-1,95,93,91,-1,95,91,96,-1,96,91,97,-1,96,97,98,-1,98,97,99,-1,98,99,94,-1,94,99,93,-1,100,99,101,-1,101,99,97,-1,101,97,102,-1,102,97,73,-1,102,73,103,-1,103,73,104,-1,103,104,100,-1,100,104,99,-1,105,106,72,-1,72,106,107,-1,72,107,63,-1,63,107,108,-1,63,108,73,-1,73,108,109,-1,73,109,104,-1,104,109,110,-1,104,110,106,-1,106,110,107,-1,77,74,75,-1,75,74,44,-1,75,44,80,-1,80,44,55,-1,80,55,111,-1,4,73,2,-1,2,73,97,-1,2,97,10,-1,10,97,91,-1,10,91,8,-1,8,91,85,-1,8,85,6,-1,6,85,78,-1,6,78,28,-1,28,78,80,-1,28,80,29,-1,29,80,111,-1,29,111,25,-1,111,55,62,-1,31,25,111,-1,111,62,31,-1,31,62,61,-1,31,61,32,-1,32,61,60,-1,32,60,36,-1,36,60,59,-1,36,59,37,-1,37,59,58,-1,37,58,23,-1,23,58,57,-1,23,57,24,-1,24,57,54,-1,24,54,30,-1,30,54,56,-1,30,56,26,-1,27,26,52,-1,52,26,56,-1,27,52,53,-1,27,53,33,-1,33,53,46,-1,33,46,34,-1,34,46,48,-1,34,48,35,-1,35,48,49,-1,35,49,41,-1,41,49,47,-1,41,47,40,-1,40,47,51,-1,40,51,38,-1,38,51,50,-1,38,50,39,-1,39,50,45,-1,39,45,7,-1,112,113,9,-1,7,45,114,-1,114,45,43,-1,115,116,117,-1,117,116,9,-1,117,9,118,-1,118,9,113,-1,114,119,7,-1,7,119,120,-1,7,120,121,-1,122,123,121,-1,121,123,112,-1,121,112,7,-1,7,112,9,-1,9,116,124,-1,9,124,18,-1,18,124,125,-1,18,125,11,-1,11,125,126,-1,11,126,12,-1,12,126,127,-1,12,127,13,-1,13,127,128,-1,13,128,19,-1,19,128,129,-1,19,129,20,-1,20,129,130,-1,20,130,0,-1,0,130,131,-1,0,131,1,-1,3,1,64,-1,64,1,131,-1,70,64,71,-1,71,64,72,-1,65,64,66,-1,66,64,67,-1,130,116,131,-1,131,116,115,-1,131,115,64,-1,64,115,105,-1,64,105,72,-1,70,69,64,-1,64,69,68,-1,64,68,67,-1,130,129,116,-1,116,129,128,-1,116,128,127,-1,127,126,116,-1,116,126,125,-1,116,125,124,-1,114,43,74,-1,74,43,42,-1,115,117,105,-1,105,117,106,-1,132,119,114,-1,123,122,133,-1,133,122,134,-1,114,74,132,-1,132,74,77,-1,132,77,134,-1,134,77,87,-1,117,118,106,-1,106,118,135,-1,106,135,104,-1,104,135,133,-1,104,133,99,-1,99,133,134,-1,99,134,93,-1,93,134,87,-1,
        ]
    }
}
Shape{
    appearance Appearance {
        material  Material 	{
            diffuseColor 0.9686274509803922 0.8784313725490196 0.6
            specularColor 0.6784313725490196 0.615686274509804 0.4196078431372549
            ambientIntensity 0.8737
            transparency 0.0
            shininess 0.5
        }
    }
    geometry IndexedFaceSet {
        ccw TRUE
        solid FALSE
        coord DEF co Coordinate {
            point [
                1.2008 0.9055 0.0551, 1.2008 0.9055 -0.0039, 0.9646 0.9055 0.0551, 0.9646 0.9055 -0.0039, 1.2008 0.6102 0.0551, 0.9646 0.6102 0.0551, 1.2008 0.6102 0.1181, 0.9646 0.6102 0.1181, 0.9646 0.5512 0.0551, 1.2008 0.5512 0.0551, 0.9646 0.5512 0.1181, 1.2008 0.5512 0.1181, 0.9646 0.5532 0.0398, 1.2008 0.5532 0.0398, 0.9646 0.5591 0.0256, 1.2008 0.5591 0.0256, 0.9646 0.5685 0.0134, 1.2008 0.5685 0.0134, 0.9646 0.5807 0.004, 1.2008 0.5807 0.004, 0.9646 0.595 -0.0019, 1.2008 0.595 -0.0019, 0.9646 0.6102 -0.0039, 1.2008 0.6102 -0.0039, 0.7087 0.6102 0.0551, 0.7087 0.9055 0.0551, 0.4882 0.6102 0.0551, 0.4882 0.9055 0.0551, 0.7087 0.6102 0.1181, 0.4882 0.6102 0.1181, 0.7087 0.5512 0.0551, 0.7087 0.5512 0.1181, 0.4882 0.5512 0.0551, 0.4882 0.5512 0.1181, 0.4882 0.5532 0.0398, 0.7087 0.5532 0.0398, 0.4882 0.5591 0.0256, 0.7087 0.5591 0.0256, 0.4882 0.5685 0.0134, 0.7087 0.5685 0.0134, 0.4882 0.5807 0.004, 0.7087 0.5807 0.004, 0.4882 0.595 -0.0019, 0.7087 0.595 -0.0019, 0.4882 0.6102 -0.0039, 0.7087 0.6102 -0.0039, 0.7087 0.9055 -0.0039, 0.4882 0.9055 -0.0039, 0.2992 0.6102 0.0551, 0.2992 0.9055 0.0551, 0.0945 0.6102 0.0551, 0.0945 0.9055 0.0551, 0.2992 0.6102 0.1181, 0.0945 0.6102 0.1181, 0.2992 0.5512 0.0551, 0.2992 0.5512 0.1181, 0.0945 0.5512 0.0551, 0.0945 0.5512 0.1181, 0.0945 0.5532 0.0398, 0.2992 0.5532 0.0398, 0.0945 0.5591 0.0256, 0.2992 0.5591 0.0256, 0.0945 0.5685 0.0134, 0.2992 0.5685 0.0134, 0.0945 0.5807 0.004, 0.2992 0.5807 0.004, 0.0945 0.595 -0.0019, 0.2992 0.595 -0.0019, 0.0945 0.6102 -0.0039, 0.2992 0.6102 -0.0039, 0.2992 0.9055 -0.0039, 0.0945 0.9055 -0.0039, -1.2008 0.6102 -0.0039, -1.2008 0.9055 -0.0039, -0.9646 0.6102 -0.0039, -0.9646 0.9055 -0.0039, -0.9646 0.595 -0.0019, -1.2008 0.595 -0.0019, -0.9646 0.5807 0.004, -1.2008 0.5807 0.004, -0.9646 0.5685 0.0134, -1.2008 0.5685 0.0134, -0.9646 0.5591 0.0256, -1.2008 0.5591 0.0256, -0.9646 0.5532 0.0398, -1.2008 0.5532 0.0398, -0.9646 0.5512 0.0551, -1.2008 0.5512 0.0551, -1.2008 0.5512 0.1181, -0.9646 0.5512 0.1181, -0.9646 0.6102 0.0551, -1.2008 0.6102 0.0551, -0.9646 0.6102 0.1181, -1.2008 0.6102 0.1181, -1.2008 0.9055 0.0551, -0.9646 0.9055 0.0551, -0.7087 0.9055 0.0551, -0.7087 0.6102 0.0551, -0.4882 0.9055 0.0551, -0.4882 0.6102 0.0551, -0.7087 0.9055 -0.0039, -0.4882 0.9055 -0.0039, -0.7087 0.6102 -0.0039, -0.4882 0.6102 -0.0039, -0.4882 0.595 -0.0019, -0.7087 0.595 -0.0019, -0.4882 0.5807 0.004, -0.7087 0.5807 0.004, -0.4882 0.5685 0.0134, -0.7087 0.5685 0.0134, -0.4882 0.5591 0.0256, -0.7087 0.5591 0.0256, -0.4882 0.5532 0.0398, -0.7087 0.5532 0.0398, -0.4882 0.5512 0.0551, -0.7087 0.5512 0.0551, -0.7087 0.5512 0.1181, -0.4882 0.5512 0.1181, -0.7087 0.6102 0.1181, -0.4882 0.6102 0.1181, -0.2992 0.9055 0.0551, -0.2992 0.6102 0.0551, -0.0945 0.9055 0.0551, -0.0945 0.6102 0.0551, -0.2992 0.9055 -0.0039, -0.0945 0.9055 -0.0039, -0.2992 0.6102 -0.0039, -0.0945 0.6102 -0.0039, -0.0945 0.595 -0.0019, -0.2992 0.595 -0.0019, -0.0945 0.5807 0.004, -0.2992 0.5807 0.004, -0.0945 0.5685 0.0134, -0.2992 0.5685 0.0134, -0.0945 0.5591 0.0256, -0.2992 0.5591 0.0256, -0.0945 0.5532 0.0398, -0.2992 0.5532 0.0398, -0.0945 0.5512 0.0551, -0.2992 0.5512 0.0551, -0.2992 0.5512 0.1181, -0.0945 0.5512 0.1181, -0.2992 0.6102 0.1181, -0.0945 0.6102 0.1181
            ]
        }
        coordIndex [
            0,1,2,-1,2,1,3,-1,4,0,5,-1,5,0,2,-1,6,4,7,-1,7,4,5,-1,8,9,10,-1,10,9,11,-1,9,8,12,-1,9,12,13,-1,13,12,14,-1,13,14,15,-1,15,14,16,-1,15,16,17,-1,17,16,18,-1,17,18,19,-1,19,18,20,-1,19,20,21,-1,21,20,22,-1,21,22,23,-1,1,23,3,-1,3,23,22,-1,6,11,4,-1,4,11,9,-1,4,9,13,-1,1,0,23,-1,23,0,4,-1,23,4,21,-1,21,4,19,-1,13,15,4,-1,4,15,17,-1,4,17,19,-1,10,7,8,-1,8,7,5,-1,2,3,5,-1,5,3,22,-1,16,14,5,-1,5,14,12,-1,5,12,8,-1,22,20,5,-1,5,20,18,-1,5,18,16,-1,24,25,26,-1,26,25,27,-1,28,24,29,-1,29,24,26,-1,30,31,32,-1,32,31,33,-1,30,32,34,-1,30,34,35,-1,35,34,36,-1,35,36,37,-1,37,36,38,-1,37,38,39,-1,39,38,40,-1,39,40,41,-1,41,40,42,-1,41,42,43,-1,43,42,44,-1,43,44,45,-1,46,45,47,-1,47,45,44,-1,25,46,27,-1,27,46,47,-1,28,31,24,-1,24,31,30,-1,24,30,35,-1,46,25,45,-1,45,25,24,-1,45,24,43,-1,43,24,41,-1,35,37,24,-1,24,37,39,-1,24,39,41,-1,33,29,32,-1,32,29,26,-1,27,47,26,-1,26,47,44,-1,38,36,26,-1,26,36,34,-1,26,34,32,-1,44,42,26,-1,26,42,40,-1,26,40,38,-1,48,49,50,-1,50,49,51,-1,52,48,53,-1,53,48,50,-1,54,55,56,-1,56,55,57,-1,54,56,58,-1,54,58,59,-1,59,58,60,-1,59,60,61,-1,61,60,62,-1,61,62,63,-1,63,62,64,-1,63,64,65,-1,65,64,66,-1,65,66,67,-1,67,66,68,-1,67,68,69,-1,70,69,71,-1,71,69,68,-1,49,70,51,-1,51,70,71,-1,52,55,48,-1,48,55,54,-1,48,54,59,-1,70,49,69,-1,69,49,48,-1,69,48,67,-1,67,48,65,-1,59,61,48,-1,48,61,63,-1,48,63,65,-1,57,53,56,-1,56,53,50,-1,51,71,50,-1,50,71,68,-1,62,60,50,-1,50,60,58,-1,50,58,56,-1,68,66,50,-1,50,66,64,-1,50,64,62,-1,72,73,74,-1,74,73,75,-1,72,74,76,-1,72,76,77,-1,77,76,78,-1,77,78,79,-1,79,78,80,-1,79,80,81,-1,81,80,82,-1,81,82,83,-1,83,82,84,-1,83,84,85,-1,85,84,86,-1,85,86,87,-1,88,87,89,-1,89,87,86,-1,90,91,92,-1,92,91,93,-1,94,91,95,-1,95,91,90,-1,73,94,75,-1,75,94,95,-1,88,93,87,-1,87,93,91,-1,87,91,85,-1,85,91,83,-1,94,73,91,-1,91,73,72,-1,91,72,77,-1,77,79,91,-1,91,79,81,-1,91,81,83,-1,75,95,74,-1,74,95,90,-1,74,90,76,-1,76,90,78,-1,92,89,90,-1,90,89,86,-1,90,86,84,-1,84,82,90,-1,90,82,80,-1,90,80,78,-1,96,97,98,-1,98,97,99,-1,100,96,101,-1,101,96,98,-1,102,100,103,-1,103,100,101,-1,102,103,104,-1,102,104,105,-1,105,104,106,-1,105,106,107,-1,107,106,108,-1,107,108,109,-1,109,108,110,-1,109,110,111,-1,111,110,112,-1,111,112,113,-1,113,112,114,-1,113,114,115,-1,116,115,117,-1,117,115,114,-1,97,118,99,-1,99,118,119,-1,116,118,115,-1,115,118,97,-1,115,97,113,-1,113,97,111,-1,96,100,97,-1,97,100,102,-1,97,102,105,-1,105,107,97,-1,97,107,109,-1,97,109,111,-1,101,98,103,-1,103,98,99,-1,103,99,104,-1,104,99,106,-1,119,117,99,-1,99,117,114,-1,99,114,112,-1,112,110,99,-1,99,110,108,-1,99,108,106,-1,120,121,122,-1,122,121,123,-1,124,120,125,-1,125,120,122,-1,126,124,127,-1,127,124,125,-1,126,127,128,-1,126,128,129,-1,129,128,130,-1,129,130,131,-1,131,130,132,-1,131,132,133,-1,133,132,134,-1,133,134,135,-1,135,134,136,-1,135,136,137,-1,137,136,138,-1,137,138,139,-1,140,139,141,-1,141,139,138,-1,121,142,123,-1,123,142,143,-1,140,142,139,-1,139,142,121,-1,139,121,137,-1,137,121,135,-1,120,124,121,-1,121,124,126,-1,121,126,129,-1,129,131,121,-1,121,131,133,-1,121,133,135,-1,125,122,127,-1,127,122,123,-1,127,123,128,-1,128,123,130,-1,143,141,123,-1,123,141,138,-1,123,138,136,-1,136,134,123,-1,123,134,132,-1,123,132,130,-1,
        ]
    }
}
Shape{
    appearance Appearance {
        material  Material 	{
            diffuseColor 0.2235294117647059 0.2235294117647059 0.2235294117647059
            specularColor 0.11372549019607843 0.11372549019607843 0.11372549019607843
            ambientIntensity 0.2235
            transparency 0.0
            shininess 0.5
        }
    }
    geometry IndexedFaceSet {
        ccw TRUE
        solid FALSE
        coord DEF co Coordinate {
            point [
                0.8929 0.3937 0.8678, 0.8929 0.3937 1.126, 0.8929 0.7874 0.8678, 0.8929 0.7874 1.126, 0.3288 0.3937 1.126, 0.3288 0.3937 0.8678, 0.3288 0.7874 1.126, 0.3288 0.7874 0.8678, -0.3288 0.3937 0.8678, -0.3288 0.3937 1.126, -0.3288 0.7874 0.8678, -0.3288 0.7874 1.126, -0.8929 0.3937 1.126, -0.8929 0.3937 0.8678, -0.8929 0.7874 1.126, -0.8929 0.7874 0.8678
            ]
        }
        coordIndex [
            0,1,2,-1,2,1,3,-1,4,5,6,-1,6,5,7,-1,5,0,7,-1,7,0,2,-1,5,4,0,-1,0,4,1,-1,8,9,10,-1,10,9,11,-1,12,13,14,-1,14,13,15,-1,13,8,15,-1,15,8,10,-1,13,12,8,-1,8,12,9,-1,
        ]
    }
}